
> rest-express@1.0.0 dev
> tsx server/index.ts

{"timestamp":"2026-07-29T10:53:22.279Z","level":"info","message":"Database pool initialized","meta":{"runtimeProfile":"development","ssl":false,"disposableTestDatabase":true}}
No email credentials found; using local JSON email transport.
{"timestamp":"2026-07-29T10:53:27.573Z","level":"info","message":"Database connection successful","meta":{"build":{"version":"1.0.0","commitSha":null,"buildId":null,"builtAt":null,"runtimeProfile":"development","deploymentMode":"development"}}}
Session table (connect-pg-simple) ready
Initializing database schema...
Session table (connect-pg-simple) ready
Tenant security and audit chain columns ready
categories.organization_id column and index ready
departments.organization_id column and index ready
carriers.organization_id column and index ready
warehouses.organization_id column and index ready
inventory_items.organization_id column and index ready
suppliers.organization_id column and index ready
app_settings.organization_id column and index ready
reorder_requests.organization_id column and index ready
purchase_requisitions.organization_id column and index ready
purchase_orders.organization_id column and index ready
inventory_serials.organization_id column and index ready
custom_roles.organization_id column and index ready
Purchase requisitions tables ready
Professional supply chain tables and columns ready
Strategic sourcing tables ready
Database already initialized with tables existing
{"timestamp":"2026-07-29T10:53:28.194Z","level":"info","message":"Database seed check completed","meta":{"seeded":false}}
{"timestamp":"2026-07-29T10:53:28.318Z","level":"info","message":"Development bootstrap completed","meta":{"opSeed":{"purchaseOrders":1091,"shipments":157,"exceptions":172,"integrationRuns":15,"activity":1694}}}
WebSocket server initialized for inventory sync
Real-time sync WebSocket service initialized
WebSocket servers initialized for real-time inventory synchronization
{"timestamp":"2026-07-29T10:53:28.352Z","level":"info","message":"Export worker started"}
{"timestamp":"2026-07-29T10:53:28.422Z","level":"info","message":"Setting up low stock alert checks","meta":{"checkFrequencyMinutes":30}}
Running scheduled low stock check...
Found 116 items with low stock

============================================================================
  ISSSourcing — web app (API + static/Vite)
  Browser URL:  http://127.0.0.1:5054
  Port:         5054   (set PORT in .env to change; default 5000)
  Health check: http://127.0.0.1:5054/api/ready
  URL file:     C:\Users\USER-PC\OneDrive\Documents\GITHUB REPO\ISSSourcing\.local-dev-url  (gitignored, for copy/paste)
============================================================================

12:53:28 PM [express] serving on 127.0.0.1:5054
12:53:28 PM [express] Startup URL (local): http://127.0.0.1:5054
12:53:28 PM [express] WebSocket server for real-time inventory sync is active
{"timestamp":"2026-07-29T10:53:28.598Z","level":"info","message":"Server listening","meta":{"host":"127.0.0.1","port":5054,"build":{"version":"1.0.0","commitSha":null,"buildId":null,"builtAt":null,"runtimeProfile":"development","deploymentMode":"development"},"runtimeProfile":"development"}}
{"timestamp":"2026-07-29T10:53:39.629Z","level":"info","message":"HTTP request completed","meta":{"requestId":"82bbeba1-ce41-4061-932f-b5b753eaa9f4","method":"GET","route":"/api/ready","status":200,"durationMs":17,"orgId":null,"userId":null,"errorCode":null}}
{"timestamp":"2026-07-29T10:53:52.697Z","level":"info","message":"HTTP request completed","meta":{"requestId":"3023f1f4-3478-4b8c-8539-6e9fe016767b","method":"GET","route":"/api/ready","status":200,"durationMs":11,"orgId":null,"userId":null,"errorCode":null}}
{"timestamp":"2026-07-29T10:53:52.721Z","level":"info","message":"HTTP request completed","meta":{"requestId":"438c5e4a-3f48-44cf-8c7e-ff4c72d9c3ec","method":"GET","route":"/api/csrf-token","status":200,"durationMs":10,"orgId":null,"userId":null,"errorCode":null}}
{"timestamp":"2026-07-29T10:53:52.870Z","level":"info","message":"HTTP request completed","meta":{"requestId":"198de0a8-1244-4bfb-b837-dffa1edc13db","method":"POST","route":"/api/auth/login","status":200,"durationMs":142,"orgId":null,"userId":1,"errorCode":null}}
{"timestamp":"2026-07-29T10:53:52.883Z","level":"info","message":"HTTP request completed","meta":{"requestId":"09256854-e35a-4873-8af3-b34a03e50e81","method":"GET","route":"/api/csrf-token","status":200,"durationMs":11,"orgId":null,"userId":1,"errorCode":null}}
{"timestamp":"2026-07-29T10:53:53.045Z","level":"info","message":"HTTP request completed","meta":{"requestId":"a01e3b4a-8026-4ebe-a9af-212a19715ab2","method":"POST","route":"/api/reports/preview","status":200,"durationMs":160,"orgId":null,"userId":1,"errorCode":null}}
{"timestamp":"2026-07-29T10:54:33.961Z","level":"info","message":"HTTP request completed","meta":{"requestId":"51595f18-e74e-4069-baa6-e345a98a4bd1","method":"GET","route":"/api/ready","status":200,"durationMs":4,"orgId":null,"userId":null,"errorCode":null}}
{"timestamp":"2026-07-29T10:54:33.991Z","level":"info","message":"HTTP request completed","meta":{"requestId":"8e232fac-d66d-491d-a806-bc53afc4b906","method":"GET","route":"/api/csrf-token","status":200,"durationMs":3,"orgId":null,"userId":null,"errorCode":null}}
{"timestamp":"2026-07-29T10:54:34.093Z","level":"info","message":"HTTP request completed","meta":{"requestId":"c6ef053f-2e62-4135-a1df-c1c0daac0b86","method":"POST","route":"/api/login","status":200,"durationMs":91,"orgId":null,"userId":1,"errorCode":null}}
{"timestamp":"2026-07-29T10:54:34.231Z","level":"info","message":"HTTP request completed","meta":{"requestId":"cd9ac351-edef-4022-837e-d7d8888b90ca","method":"GET","route":"/api/purchase/orders/PO-FQA-001","status":200,"durationMs":27,"orgId":null,"userId":1,"errorCode":null}}
{"timestamp":"2026-07-29T10:54:34.245Z","level":"info","message":"HTTP request completed","meta":{"requestId":"915f1b5c-4ba7-44c5-bb36-6ff3e955ffe9","method":"GET","route":"/api/purchase/orders/PO-FQA-001","status":200,"durationMs":13,"orgId":null,"userId":1,"errorCode":null}}
{"timestamp":"2026-07-29T10:54:34.254Z","level":"info","message":"HTTP request completed","meta":{"requestId":"d982890b-7801-402e-8f3c-ca956a36444f","method":"GET","route":"/api/csrf-token","status":200,"durationMs":8,"orgId":null,"userId":1,"errorCode":null}}
{"timestamp":"2026-07-29T10:54:34.296Z","level":"info","message":"HTTP request completed","meta":{"requestId":"ebb0eddc-75b3-4eb9-851c-0a58e9881762","method":"POST","route":"/api/purchase/orders/PO-FQA-001/approve","status":200,"durationMs":40,"orgId":null,"userId":1,"errorCode":null}}
{"timestamp":"2026-07-29T10:54:34.304Z","level":"info","message":"HTTP request completed","meta":{"requestId":"738e1e34-1521-4e23-be19-2e7840e38645","method":"GET","route":"/api/csrf-token","status":200,"durationMs":7,"orgId":null,"userId":1,"errorCode":null}}
{"timestamp":"2026-07-29T10:54:34.324Z","level":"info","message":"HTTP request completed","meta":{"requestId":"11163ccb-fb98-424b-bceb-14eccaf6b651","method":"POST","route":"/api/purchase/orders/PO-FQA-001/send","status":200,"durationMs":18,"orgId":null,"userId":1,"errorCode":null}}
{"timestamp":"2026-07-29T10:54:34.334Z","level":"info","message":"HTTP request completed","meta":{"requestId":"e1cfb60a-3030-4dcc-a834-af8313c1d857","method":"GET","route":"/api/csrf-token","status":200,"durationMs":7,"orgId":null,"userId":1,"errorCode":null}}
{"timestamp":"2026-07-29T10:54:34.344Z","level":"info","message":"HTTP request completed","meta":{"requestId":"3a2398fa-4fcf-4bb6-b5e0-b63595cecd9c","method":"POST","route":"/api/purchase/orders/PO-FQA-001/send","status":400,"durationMs":8,"orgId":null,"userId":1,"errorCode":null}}
{"timestamp":"2026-07-29T10:54:34.352Z","level":"info","message":"HTTP request completed","meta":{"requestId":"5d834695-8d81-4772-a3c1-77d219aa60f2","method":"GET","route":"/api/csrf-token","status":200,"durationMs":6,"orgId":null,"userId":1,"errorCode":null}}
{"timestamp":"2026-07-29T10:54:34.362Z","level":"info","message":"HTTP request completed","meta":{"requestId":"d2c2d19d-346d-4aa4-abf0-5a112b3a0f4e","method":"POST","route":"/api/purchase/orders/PO-FQA-001/send","status":400,"durationMs":8,"orgId":null,"userId":1,"errorCode":null}}
{"timestamp":"2026-07-29T10:54:34.366Z","level":"info","message":"HTTP request completed","meta":{"requestId":"65f105eb-33bd-4ffe-92b5-1693d776831a","method":"GET","route":"/api/csrf-token","status":200,"durationMs":3,"orgId":null,"userId":null,"errorCode":null}}
{"timestamp":"2026-07-29T10:54:34.441Z","level":"info","message":"HTTP request completed","meta":{"requestId":"dd6cb7a1-1ac8-444b-94f8-70c14b9fcc57","method":"POST","route":"/api/login","status":200,"durationMs":74,"orgId":null,"userId":3,"errorCode":null}}
{"timestamp":"2026-07-29T10:54:34.451Z","level":"info","message":"HTTP request completed","meta":{"requestId":"8be6cf2f-ce94-4f40-bd21-753c31ce6490","method":"GET","route":"/api/csrf-token","status":200,"durationMs":7,"orgId":null,"userId":3,"errorCode":null}}
{"timestamp":"2026-07-29T10:54:34.459Z","level":"info","message":"HTTP request completed","meta":{"requestId":"2066ae64-4263-4486-9a65-39eba0bb9fbe","method":"POST","route":"/api/purchase/orders/PO-FQA-001/approve","status":403,"durationMs":6,"orgId":null,"userId":3,"errorCode":null}}
{"timestamp":"2026-07-29T10:54:34.464Z","level":"info","message":"HTTP request completed","meta":{"requestId":"84abefdb-718b-4725-a731-aea0a8d667c6","method":"GET","route":"/api/csrf-token","status":200,"durationMs":3,"orgId":null,"userId":null,"errorCode":null}}
{"timestamp":"2026-07-29T10:54:34.537Z","level":"info","message":"HTTP request completed","meta":{"requestId":"99c783c3-5221-46b5-99cf-822a2083f8cb","method":"POST","route":"/api/login","status":200,"durationMs":71,"orgId":null,"userId":4,"errorCode":null}}
{"timestamp":"2026-07-29T10:54:34.549Z","level":"info","message":"HTTP request completed","meta":{"requestId":"f698894b-49a9-4683-9191-658228c70395","method":"GET","route":"/api/csrf-token","status":200,"durationMs":9,"orgId":null,"userId":4,"errorCode":null}}
{"timestamp":"2026-07-29T10:54:34.560Z","level":"info","message":"HTTP request completed","meta":{"requestId":"38b65121-2bed-41ab-8de9-d435febad612","method":"POST","route":"/api/purchase/orders/PO-FQA-001/approve","status":403,"durationMs":9,"orgId":null,"userId":4,"errorCode":null}}
{"timestamp":"2026-07-29T10:54:34.565Z","level":"info","message":"HTTP request completed","meta":{"requestId":"561559a4-202e-452b-8ce8-188d740439a1","method":"GET","route":"/api/csrf-token","status":200,"durationMs":3,"orgId":null,"userId":null,"errorCode":null}}
{"timestamp":"2026-07-29T10:54:34.647Z","level":"info","message":"HTTP request completed","meta":{"requestId":"2eced92c-4b68-408d-aae2-1e586207a40b","method":"POST","route":"/api/login","status":200,"durationMs":81,"orgId":null,"userId":2,"errorCode":null}}
{"timestamp":"2026-07-29T10:54:34.658Z","level":"info","message":"HTTP request completed","meta":{"requestId":"15bdfec7-cd5b-4bff-9ea7-46aa312154be","method":"GET","route":"/api/csrf-token","status":200,"durationMs":7,"orgId":null,"userId":2,"errorCode":null}}
{"timestamp":"2026-07-29T10:54:34.685Z","level":"info","message":"HTTP request completed","meta":{"requestId":"148f98b9-5c1a-40b8-b2ae-b169263fcff5","method":"POST","route":"/api/purchase/orders/PO-FQA-001/approve","status":200,"durationMs":25,"orgId":null,"userId":2,"errorCode":null}}
{"timestamp":"2026-07-29T10:54:34.690Z","level":"info","message":"HTTP request completed","meta":{"requestId":"b61cf914-5109-4081-839d-d9d3065b5a1e","method":"GET","route":"/api/csrf-token","status":200,"durationMs":4,"orgId":null,"userId":null,"errorCode":null}}
{"timestamp":"2026-07-29T10:54:34.764Z","level":"info","message":"HTTP request completed","meta":{"requestId":"4ce0d84a-8da9-476b-bba0-20f78c55585d","method":"POST","route":"/api/login","status":200,"durationMs":72,"orgId":null,"userId":1,"errorCode":null}}
{"timestamp":"2026-07-29T10:54:34.826Z","level":"info","message":"HTTP request completed","meta":{"requestId":"db2b49e4-af74-489e-8ee0-b0d8cf9ea2fc","method":"GET","route":"/api/procurement/purchase-orders/records","status":200,"durationMs":61,"orgId":null,"userId":1,"errorCode":null}}
{"timestamp":"2026-07-29T10:54:34.851Z","level":"info","message":"HTTP request completed","meta":{"requestId":"44af799e-d149-4564-9ed3-ad8a01812bdd","method":"GET","route":"/api/purchase/orders/PO-FQA-002","status":200,"durationMs":10,"orgId":null,"userId":1,"errorCode":null}}
{"timestamp":"2026-07-29T10:54:34.858Z","level":"info","message":"HTTP request completed","meta":{"requestId":"c8958cca-afb3-4529-b848-fc5d36cc2229","method":"GET","route":"/api/csrf-token","status":200,"durationMs":6,"orgId":null,"userId":1,"errorCode":null}}
{"timestamp":"2026-07-29T10:54:34.884Z","level":"info","message":"HTTP request completed","meta":{"requestId":"75c6c500-45c4-4fa1-9c48-d75659826e45","method":"PUT","route":"/api/purchase-orders/5","status":409,"durationMs":25,"orgId":null,"userId":1,"errorCode":null}}
{"timestamp":"2026-07-29T10:54:34.894Z","level":"info","message":"HTTP request completed","meta":{"requestId":"b67b8836-4c49-4073-8b68-e971a17a204b","method":"GET","route":"/api/csrf-token","status":200,"durationMs":9,"orgId":null,"userId":1,"errorCode":null}}
{"timestamp":"2026-07-29T10:54:34.912Z","level":"info","message":"HTTP request completed","meta":{"requestId":"384467c7-9e14-4b71-a25f-d556d24ad21c","method":"PUT","route":"/api/purchase-orders/5","status":409,"durationMs":16,"orgId":null,"userId":1,"errorCode":null}}
{"timestamp":"2026-07-29T10:54:34.924Z","level":"info","message":"HTTP request completed","meta":{"requestId":"2ae5f8d1-ab7e-497e-af74-0c6c557723c2","method":"GET","route":"/api/purchase/orders/PO-FQA-003","status":200,"durationMs":11,"orgId":null,"userId":1,"errorCode":null}}
{"timestamp":"2026-07-29T10:54:34.933Z","level":"info","message":"HTTP request completed","meta":{"requestId":"b8586ff0-21c9-4eb9-b182-31d19bb674b3","method":"GET","route":"/api/csrf-token","status":200,"durationMs":7,"orgId":null,"userId":1,"errorCode":null}}
{"timestamp":"2026-07-29T10:54:34.942Z","level":"info","message":"HTTP request completed","meta":{"requestId":"7c4dfd07-bd9f-4c48-b00d-122d8192466d","method":"PUT","route":"/api/purchase-orders/8","status":409,"durationMs":8,"orgId":null,"userId":1,"errorCode":null}}
{"timestamp":"2026-07-29T10:54:34.957Z","level":"info","message":"HTTP request completed","meta":{"requestId":"5d781892-b708-444c-9c1c-cc292a5cf072","method":"GET","route":"/api/activity","status":200,"durationMs":12,"orgId":null,"userId":1,"errorCode":null}}
{"timestamp":"2026-07-29T10:54:34.970Z","level":"info","message":"HTTP request completed","meta":{"requestId":"fc4dcc97-82f3-4372-8eb7-c99458c9227d","method":"GET","route":"/api/activity","status":200,"durationMs":11,"orgId":null,"userId":1,"errorCode":null}}
{"timestamp":"2026-07-29T10:54:34.981Z","level":"info","message":"HTTP request completed","meta":{"requestId":"7755aa61-2a92-4b26-9efb-d7226dadf1ac","method":"GET","route":"/api/activity","status":200,"durationMs":9,"orgId":null,"userId":1,"errorCode":null}}
{"timestamp":"2026-07-29T10:54:41.905Z","level":"info","message":"HTTP request completed","meta":{"requestId":"c7889835-8a31-4024-a311-77185c868cd1","method":"GET","route":"/api/ready","status":200,"durationMs":5,"orgId":null,"userId":null,"errorCode":null}}
{"timestamp":"2026-07-29T10:54:41.930Z","level":"info","message":"HTTP request completed","meta":{"requestId":"ef2fbb56-91dc-4ac7-bce1-508da7188fe3","method":"GET","route":"/api/csrf-token","status":200,"durationMs":3,"orgId":null,"userId":null,"errorCode":null}}
{"timestamp":"2026-07-29T10:54:42.067Z","level":"info","message":"HTTP request completed","meta":{"requestId":"5a0e2bf2-7394-4c0e-a60a-0d402f3503ef","method":"POST","route":"/api/login","status":200,"durationMs":121,"orgId":null,"userId":1,"errorCode":null}}
{"timestamp":"2026-07-29T10:54:42.148Z","level":"info","message":"HTTP request completed","meta":{"requestId":"01148c48-0fdc-45f8-a164-ac03513ded98","method":"GET","route":"/api/dashboard/control-tower","status":200,"durationMs":78,"orgId":null,"userId":1,"errorCode":null}}
{"timestamp":"2026-07-29T10:54:51.831Z","level":"info","message":"HTTP request completed","meta":{"requestId":"a1bd547b-5615-4235-859c-1292526736be","method":"GET","route":"/api/ready","status":200,"durationMs":5,"orgId":null,"userId":null,"errorCode":null}}
{"timestamp":"2026-07-29T10:54:51.864Z","level":"info","message":"HTTP request completed","meta":{"requestId":"8a24cbec-675d-4050-84af-f302cd569d9f","method":"GET","route":"/api/csrf-token","status":200,"durationMs":5,"orgId":null,"userId":null,"errorCode":null}}
{"timestamp":"2026-07-29T10:54:51.968Z","level":"info","message":"HTTP request completed","meta":{"requestId":"79a2256b-3c8a-4553-8d18-bc29b4c9e5fc","method":"POST","route":"/api/login","status":200,"durationMs":93,"orgId":null,"userId":1,"errorCode":null}}
{"timestamp":"2026-07-29T10:54:52.005Z","level":"info","message":"HTTP request completed","meta":{"requestId":"968ce818-1caf-4f50-9bb6-20e78481bfd3","method":"GET","route":"/api/logistics/shipments","status":200,"durationMs":34,"orgId":null,"userId":1,"errorCode":null}}
{"timestamp":"2026-07-29T10:54:52.017Z","level":"info","message":"HTTP request completed","meta":{"requestId":"9a6031cd-3377-4a07-a0fe-39551c606cbd","method":"GET","route":"/api/logistics/shipments","status":400,"durationMs":8,"orgId":null,"userId":1,"errorCode":null}}
{"timestamp":"2026-07-29T10:54:52.027Z","level":"info","message":"HTTP request completed","meta":{"requestId":"f6b57e7a-290b-4506-b5f2-79c390e064d7","method":"GET","route":"/api/logistics/shipments","status":400,"durationMs":8,"orgId":null,"userId":1,"errorCode":null}}
{"timestamp":"2026-07-29T10:54:52.168Z","level":"info","message":"HTTP request completed","meta":{"requestId":"97a0ef9f-9c23-4809-8fd3-3214c4228676","method":"GET","route":"/api/csrf-token","status":200,"durationMs":6,"orgId":null,"userId":1,"errorCode":null}}
{"timestamp":"2026-07-29T10:54:52.181Z","level":"info","message":"HTTP request completed","meta":{"requestId":"16bd49b8-b17e-4da2-8318-5fcaea0a30ad","method":"POST","route":"/api/logistics/shipments","status":400,"durationMs":11,"orgId":null,"userId":1,"errorCode":null}}
{"timestamp":"2026-07-29T10:54:52.190Z","level":"info","message":"HTTP request completed","meta":{"requestId":"6e708040-4f4c-41fd-98a6-bf42567bf19c","method":"GET","route":"/api/csrf-token","status":200,"durationMs":6,"orgId":null,"userId":1,"errorCode":null}}
{"timestamp":"2026-07-29T10:54:52.226Z","level":"info","message":"HTTP request completed","meta":{"requestId":"b657e208-2d40-4690-92e7-29090470eb09","method":"POST","route":"/api/logistics/shipments","status":201,"durationMs":34,"orgId":null,"userId":1,"errorCode":null}}
{"timestamp":"2026-07-29T10:54:52.233Z","level":"info","message":"HTTP request completed","meta":{"requestId":"74d1cbef-a713-4e1b-9e67-7f7b0a599435","method":"GET","route":"/api/csrf-token","status":200,"durationMs":6,"orgId":null,"userId":1,"errorCode":null}}
{"timestamp":"2026-07-29T10:54:52.254Z","level":"info","message":"HTTP request completed","meta":{"requestId":"cf540871-6715-43ae-aacb-ffbc9264d547","method":"POST","route":"/api/logistics/shipments","status":201,"durationMs":19,"orgId":null,"userId":1,"errorCode":null}}
{"timestamp":"2026-07-29T10:54:52.264Z","level":"info","message":"HTTP request completed","meta":{"requestId":"c1c301c7-0f65-4023-b7d8-cce9ae383cc5","method":"GET","route":"/api/csrf-token","status":200,"durationMs":8,"orgId":null,"userId":1,"errorCode":null}}
{"timestamp":"2026-07-29T10:54:52.286Z","level":"info","message":"HTTP request completed","meta":{"requestId":"2afa7f46-41bd-4d33-b1d8-c92d3091266a","method":"POST","route":"/api/logistics/shipments/271/status","status":200,"durationMs":21,"orgId":null,"userId":1,"errorCode":null}}
{"timestamp":"2026-07-29T10:54:52.293Z","level":"info","message":"HTTP request completed","meta":{"requestId":"fd665f23-9c7e-4143-9797-1e425382f8ac","method":"GET","route":"/api/csrf-token","status":200,"durationMs":6,"orgId":null,"userId":1,"errorCode":null}}
{"timestamp":"2026-07-29T10:54:52.314Z","level":"info","message":"HTTP request completed","meta":{"requestId":"0e0a5b8f-fb57-4335-a2cb-b658cfc7e6fd","method":"POST","route":"/api/logistics/shipments/271/status","status":200,"durationMs":19,"orgId":null,"userId":1,"errorCode":null}}
{"timestamp":"2026-07-29T10:54:52.321Z","level":"info","message":"HTTP request completed","meta":{"requestId":"2ba9640e-b553-47ef-925b-eb2450b869cb","method":"GET","route":"/api/csrf-token","status":200,"durationMs":6,"orgId":null,"userId":1,"errorCode":null}}
{"timestamp":"2026-07-29T10:54:52.341Z","level":"info","message":"HTTP request completed","meta":{"requestId":"ad2526bf-dba8-4ce1-a3e5-0cec4aec2291","method":"POST","route":"/api/logistics/shipments","status":201,"durationMs":18,"orgId":null,"userId":1,"errorCode":null}}
{"timestamp":"2026-07-29T10:54:52.348Z","level":"info","message":"HTTP request completed","meta":{"requestId":"8e064e09-8359-4ee7-9342-eef1c0b57b6f","method":"GET","route":"/api/csrf-token","status":200,"durationMs":6,"orgId":null,"userId":1,"errorCode":null}}
{"timestamp":"2026-07-29T10:54:52.366Z","level":"info","message":"HTTP request completed","meta":{"requestId":"d2a34086-90f0-4b6b-bb12-21f8892063de","method":"POST","route":"/api/logistics/shipments","status":201,"durationMs":16,"orgId":null,"userId":1,"errorCode":null}}
{"timestamp":"2026-07-29T10:54:52.373Z","level":"info","message":"HTTP request completed","meta":{"requestId":"9616dbf8-4b5d-4934-b9cb-614d7d9bf30e","method":"GET","route":"/api/csrf-token","status":200,"durationMs":5,"orgId":null,"userId":1,"errorCode":null}}
{"timestamp":"2026-07-29T10:54:52.396Z","level":"info","message":"HTTP request completed","meta":{"requestId":"7643b804-4033-4434-8cba-f5c4f0b35393","method":"POST","route":"/api/logistics/shipments","status":201,"durationMs":21,"orgId":null,"userId":1,"errorCode":null}}
{"timestamp":"2026-07-29T10:54:52.403Z","level":"info","message":"HTTP request completed","meta":{"requestId":"d6e2cd95-b9d5-4602-9b25-fa332e7c92a8","method":"GET","route":"/api/csrf-token","status":200,"durationMs":6,"orgId":null,"userId":1,"errorCode":null}}
{"timestamp":"2026-07-29T10:54:52.425Z","level":"info","message":"HTTP request completed","meta":{"requestId":"481d8f8e-d594-4e75-9ad0-faaa2d15b386","method":"POST","route":"/api/logistics/shipments","status":201,"durationMs":20,"orgId":null,"userId":1,"errorCode":null}}
{"timestamp":"2026-07-29T10:54:52.433Z","level":"info","message":"HTTP request completed","meta":{"requestId":"bb37b3a3-f12b-47c7-82d0-dfaa58a009f1","method":"GET","route":"/api/csrf-token","status":200,"durationMs":7,"orgId":null,"userId":1,"errorCode":null}}
{"timestamp":"2026-07-29T10:54:52.453Z","level":"info","message":"HTTP request completed","meta":{"requestId":"f33b804d-22ea-4ca5-8c84-866f44bd9773","method":"POST","route":"/api/logistics/shipments/275/status","status":200,"durationMs":19,"orgId":null,"userId":1,"errorCode":null}}
{"timestamp":"2026-07-29T10:54:52.462Z","level":"info","message":"HTTP request completed","meta":{"requestId":"39c095ec-db11-4326-93c2-5ee27cd338ba","method":"GET","route":"/api/csrf-token","status":200,"durationMs":8,"orgId":null,"userId":1,"errorCode":null}}
{"timestamp":"2026-07-29T10:54:52.487Z","level":"info","message":"HTTP request completed","meta":{"requestId":"2b0eb772-c8db-4a82-9aaa-92905b2e6438","method":"POST","route":"/api/logistics/shipments","status":201,"durationMs":24,"orgId":null,"userId":1,"errorCode":null}}
{"timestamp":"2026-07-29T10:54:52.494Z","level":"info","message":"HTTP request completed","meta":{"requestId":"cb4370d4-c898-4dd7-ae86-4944f3b5d8bb","method":"GET","route":"/api/csrf-token","status":200,"durationMs":6,"orgId":null,"userId":1,"errorCode":null}}
{"timestamp":"2026-07-29T10:54:52.515Z","level":"info","message":"HTTP request completed","meta":{"requestId":"935a4fa0-ddce-4fa1-8881-59cbcb69bbbc","method":"POST","route":"/api/logistics/shipments/276/status","status":200,"durationMs":19,"orgId":null,"userId":1,"errorCode":null}}
{"timestamp":"2026-07-29T10:54:52.532Z","level":"info","message":"HTTP request completed","meta":{"requestId":"bb92b1b9-0bec-4618-8248-04cddb3fb334","method":"GET","route":"/api/logistics/shipments","status":200,"durationMs":15,"orgId":null,"userId":1,"errorCode":null}}
{"timestamp":"2026-07-29T10:54:52.583Z","level":"info","message":"HTTP request completed","meta":{"requestId":"7c98a189-895a-4c00-bc05-3d92a6451b3b","method":"GET","route":"/api/logistics/shipments","status":200,"durationMs":49,"orgId":null,"userId":1,"errorCode":null}}
{"timestamp":"2026-07-29T10:54:52.596Z","level":"info","message":"HTTP request completed","meta":{"requestId":"6b740628-8a71-4099-b12f-dba6a217ee81","method":"GET","route":"/api/logistics/shipments","status":200,"durationMs":12,"orgId":null,"userId":1,"errorCode":null}}
{"timestamp":"2026-07-29T10:54:52.609Z","level":"info","message":"HTTP request completed","meta":{"requestId":"8b49f596-1239-4255-a208-0dd6171db887","method":"GET","route":"/api/logistics/shipments","status":200,"durationMs":12,"orgId":null,"userId":1,"errorCode":null}}
{"timestamp":"2026-07-29T10:54:52.627Z","level":"info","message":"HTTP request completed","meta":{"requestId":"228b3cac-6828-4f9a-a1c9-a438bb8409f5","method":"GET","route":"/api/logistics/shipments","status":200,"durationMs":16,"orgId":null,"userId":1,"errorCode":null}}
{"timestamp":"2026-07-29T10:54:52.643Z","level":"info","message":"HTTP request completed","meta":{"requestId":"524839b1-1e1f-4eea-a9b3-8dc5c375a112","method":"GET","route":"/api/logistics/shipments","status":200,"durationMs":15,"orgId":null,"userId":1,"errorCode":null}}
{"timestamp":"2026-07-29T10:54:52.663Z","level":"info","message":"HTTP request completed","meta":{"requestId":"0905ee78-1a1b-45e5-ac93-d0ded8dacb14","method":"GET","route":"/api/purchase/orders/PO-FQA-001","status":200,"durationMs":19,"orgId":null,"userId":1,"errorCode":null}}
{"timestamp":"2026-07-29T10:54:52.671Z","level":"info","message":"HTTP request completed","meta":{"requestId":"7fbe8d99-6748-4e4d-9a8d-36341acd2677","method":"GET","route":"/api/csrf-token","status":200,"durationMs":7,"orgId":null,"userId":1,"errorCode":null}}
{"timestamp":"2026-07-29T10:54:52.690Z","level":"info","message":"HTTP request completed","meta":{"requestId":"2c43a224-70b2-4e6d-ad73-659426fcae3e","method":"POST","route":"/api/logistics/shipments","status":201,"durationMs":17,"orgId":null,"userId":1,"errorCode":null}}
{"timestamp":"2026-07-29T10:54:52.701Z","level":"info","message":"HTTP request completed","meta":{"requestId":"f8494d63-7453-4344-acb8-0c77741ff78d","method":"GET","route":"/api/logistics/shipments","status":200,"durationMs":10,"orgId":null,"userId":1,"errorCode":null}}
{"timestamp":"2026-07-29T10:54:52.715Z","level":"info","message":"HTTP request completed","meta":{"requestId":"304779e9-d94e-4bdf-8c12-5521d4855fd8","method":"GET","route":"/api/logistics/shipments","status":200,"durationMs":13,"orgId":null,"userId":1,"errorCode":null}}
{"timestamp":"2026-07-29T10:54:52.728Z","level":"info","message":"HTTP request completed","meta":{"requestId":"02982682-a350-4e2c-bac1-1e6904c466c9","method":"GET","route":"/api/logistics/shipments","status":200,"durationMs":12,"orgId":null,"userId":1,"errorCode":null}}
{"timestamp":"2026-07-29T10:54:52.741Z","level":"info","message":"HTTP request completed","meta":{"requestId":"f3bea3d6-d574-4760-a9a6-ec5259294847","method":"GET","route":"/api/logistics/shipments","status":200,"durationMs":12,"orgId":null,"userId":1,"errorCode":null}}
{"timestamp":"2026-07-29T10:54:52.753Z","level":"info","message":"HTTP request completed","meta":{"requestId":"2cfee540-7753-49b7-90fd-e310da97816c","method":"GET","route":"/api/logistics/shipments","status":200,"durationMs":11,"orgId":null,"userId":1,"errorCode":null}}
{"timestamp":"2026-07-29T10:54:52.765Z","level":"info","message":"HTTP request completed","meta":{"requestId":"07718245-23ea-467f-8f7c-be76d9ed4ae7","method":"GET","route":"/api/logistics/shipments","status":200,"durationMs":11,"orgId":null,"userId":1,"errorCode":null}}
{"timestamp":"2026-07-29T10:54:52.776Z","level":"info","message":"HTTP request completed","meta":{"requestId":"d602674c-e0aa-46ca-afdf-8d7d9c1dbb28","method":"GET","route":"/api/logistics/shipments","status":200,"durationMs":9,"orgId":null,"userId":1,"errorCode":null}}
{"timestamp":"2026-07-29T10:54:52.789Z","level":"info","message":"HTTP request completed","meta":{"requestId":"ac4c0392-4ca5-43f9-ad55-6f979872d302","method":"GET","route":"/api/logistics/shipments","status":200,"durationMs":11,"orgId":null,"userId":1,"errorCode":null}}
{"timestamp":"2026-07-29T10:54:52.819Z","level":"info","message":"HTTP request completed","meta":{"requestId":"cfe0d8f1-863b-48fe-9bc7-437304a2de15","method":"GET","route":"/api/logistics/shipments","status":200,"durationMs":28,"orgId":null,"userId":1,"errorCode":null}}
{"timestamp":"2026-07-29T10:54:52.826Z","level":"info","message":"HTTP request completed","meta":{"requestId":"85b21ca4-5214-4f67-89b9-908948453371","method":"GET","route":"/api/csrf-token","status":200,"durationMs":5,"orgId":null,"userId":1,"errorCode":null}}
{"timestamp":"2026-07-29T10:54:52.836Z","level":"info","message":"HTTP request completed","meta":{"requestId":"846b81a0-759a-4b1c-9986-81555c0cb704","method":"DELETE","route":"/api/logistics/shipments/270","status":200,"durationMs":8,"orgId":null,"userId":1,"errorCode":null}}
{"timestamp":"2026-07-29T10:54:52.843Z","level":"info","message":"HTTP request completed","meta":{"requestId":"fc145bf6-699b-4f0c-bc10-32b9fbfb9246","method":"GET","route":"/api/csrf-token","status":200,"durationMs":7,"orgId":null,"userId":1,"errorCode":null}}
{"timestamp":"2026-07-29T10:54:52.852Z","level":"info","message":"HTTP request completed","meta":{"requestId":"2a5d016f-a6fe-48e2-a161-5a8e2a11d638","method":"DELETE","route":"/api/logistics/shipments/271","status":200,"durationMs":8,"orgId":null,"userId":1,"errorCode":null}}
{"timestamp":"2026-07-29T10:54:52.860Z","level":"info","message":"HTTP request completed","meta":{"requestId":"254cd929-5a16-48b3-8fa1-78935a6f1ef8","method":"GET","route":"/api/csrf-token","status":200,"durationMs":7,"orgId":null,"userId":1,"errorCode":null}}
{"timestamp":"2026-07-29T10:54:52.867Z","level":"info","message":"HTTP request completed","meta":{"requestId":"ab8d654b-ce28-428b-9597-5f0a495b3b5e","method":"DELETE","route":"/api/logistics/shipments/272","status":200,"durationMs":6,"orgId":null,"userId":1,"errorCode":null}}
{"timestamp":"2026-07-29T10:54:52.875Z","level":"info","message":"HTTP request completed","meta":{"requestId":"678fd501-c567-4805-b810-49e851303563","method":"GET","route":"/api/csrf-token","status":200,"durationMs":6,"orgId":null,"userId":1,"errorCode":null}}
{"timestamp":"2026-07-29T10:54:52.881Z","level":"info","message":"HTTP request completed","meta":{"requestId":"b86ee9b1-aff1-48fe-9164-dd3e692e97c7","method":"DELETE","route":"/api/logistics/shipments/273","status":200,"durationMs":6,"orgId":null,"userId":1,"errorCode":null}}
{"timestamp":"2026-07-29T10:54:52.888Z","level":"info","message":"HTTP request completed","meta":{"requestId":"a3ded376-ce07-4586-92a2-2162c26d1d60","method":"GET","route":"/api/csrf-token","status":200,"durationMs":5,"orgId":null,"userId":1,"errorCode":null}}
{"timestamp":"2026-07-29T10:54:52.897Z","level":"info","message":"HTTP request completed","meta":{"requestId":"ea80661a-f9de-4e1d-b1fc-8e7fc5e1bb54","method":"DELETE","route":"/api/logistics/shipments/274","status":200,"durationMs":8,"orgId":null,"userId":1,"errorCode":null}}
{"timestamp":"2026-07-29T10:54:52.907Z","level":"info","message":"HTTP request completed","meta":{"requestId":"4d2d06a5-af06-40c7-bad4-4d43a8117baa","method":"GET","route":"/api/csrf-token","status":200,"durationMs":8,"orgId":null,"userId":1,"errorCode":null}}
{"timestamp":"2026-07-29T10:54:52.918Z","level":"info","message":"HTTP request completed","meta":{"requestId":"490732f7-034b-44e2-a4b7-084e1abb8dda","method":"DELETE","route":"/api/logistics/shipments/275","status":200,"durationMs":9,"orgId":null,"userId":1,"errorCode":null}}
{"timestamp":"2026-07-29T10:54:52.937Z","level":"info","message":"HTTP request completed","meta":{"requestId":"bfe2e180-be28-443c-a9e9-524919c8fa06","method":"GET","route":"/api/csrf-token","status":200,"durationMs":17,"orgId":null,"userId":1,"errorCode":null}}
{"timestamp":"2026-07-29T10:54:52.947Z","level":"info","message":"HTTP request completed","meta":{"requestId":"db4ecd19-87c8-47c8-889c-25bc3c587a3a","method":"DELETE","route":"/api/logistics/shipments/276","status":200,"durationMs":9,"orgId":null,"userId":1,"errorCode":null}}
{"timestamp":"2026-07-29T10:54:52.955Z","level":"info","message":"HTTP request completed","meta":{"requestId":"24f28789-0eea-4102-bfc6-a263ad2af222","method":"GET","route":"/api/csrf-token","status":200,"durationMs":7,"orgId":null,"userId":1,"errorCode":null}}
{"timestamp":"2026-07-29T10:54:52.964Z","level":"info","message":"HTTP request completed","meta":{"requestId":"a2eeb2fb-308e-4ec1-a740-f6646784ef27","method":"DELETE","route":"/api/logistics/shipments/277","status":200,"durationMs":8,"orgId":null,"userId":1,"errorCode":null}}
{"timestamp":"2026-07-29T10:54:59.417Z","level":"info","message":"HTTP request completed","meta":{"requestId":"df63a6f5-d0e9-4dfe-a0a9-32bb567c297d","method":"GET","route":"/api/ready","status":200,"durationMs":4,"orgId":null,"userId":null,"errorCode":null}}
{"timestamp":"2026-07-29T10:54:59.462Z","level":"info","message":"HTTP request completed","meta":{"requestId":"08065fdd-4dc3-45a0-bf84-1cec3265b336","method":"GET","route":"/api/csrf-token","status":200,"durationMs":6,"orgId":null,"userId":null,"errorCode":null}}
{"timestamp":"2026-07-29T10:54:59.616Z","level":"info","message":"HTTP request completed","meta":{"requestId":"09a7fe81-776e-44f0-9400-d1ce3f1130a3","method":"POST","route":"/api/login","status":200,"durationMs":143,"orgId":null,"userId":1,"errorCode":null}}
{"timestamp":"2026-07-29T10:54:59.694Z","level":"info","message":"HTTP request completed","meta":{"requestId":"cdf6bbca-feb6-46a9-906b-4f3299a9111c","method":"GET","route":"/api/dashboard/control-tower","status":200,"durationMs":73,"orgId":null,"userId":1,"errorCode":null}}
{"timestamp":"2026-07-29T10:54:59.752Z","level":"info","message":"HTTP request completed","meta":{"requestId":"05c4ce8d-a11d-4349-b35d-67fdf99748bd","method":"GET","route":"/api/dashboard/control-tower","status":200,"durationMs":55,"orgId":null,"userId":1,"errorCode":null}}
{"timestamp":"2026-07-29T10:55:02.366Z","level":"info","message":"HTTP request completed","meta":{"requestId":"a8aa2722-aaf8-4bb3-967f-c4bb4ea695cb","method":"GET","route":"/api/ready","status":200,"durationMs":5,"orgId":null,"userId":null,"errorCode":null}}
{"timestamp":"2026-07-29T10:55:02.393Z","level":"info","message":"HTTP request completed","meta":{"requestId":"10a0ad53-dee9-4230-9e0a-3faf56816797","method":"GET","route":"/api/csrf-token","status":200,"durationMs":4,"orgId":null,"userId":null,"errorCode":null}}
{"timestamp":"2026-07-29T10:55:02.492Z","level":"info","message":"HTTP request completed","meta":{"requestId":"add2cafb-58a9-4d80-85aa-f8b6ed3baf04","method":"POST","route":"/api/login","status":200,"durationMs":88,"orgId":null,"userId":1,"errorCode":null}}
{"timestamp":"2026-07-29T10:55:02.512Z","level":"info","message":"HTTP request completed","meta":{"requestId":"12b6d432-726a-40f6-862c-55d4070fc823","method":"GET","route":"/api/exceptions","status":200,"durationMs":18,"orgId":null,"userId":1,"errorCode":null}}
{"timestamp":"2026-07-29T10:55:02.528Z","level":"info","message":"HTTP request completed","meta":{"requestId":"7846237e-3346-4634-81f7-071d9ac3bfbb","method":"GET","route":"/api/exceptions/173","status":200,"durationMs":9,"orgId":null,"userId":1,"errorCode":null}}
{"timestamp":"2026-07-29T10:55:02.539Z","level":"info","message":"HTTP request completed","meta":{"requestId":"acfb2d2d-813d-4928-a9ca-ce907636a613","method":"GET","route":"/api/csrf-token","status":200,"durationMs":8,"orgId":null,"userId":1,"errorCode":null}}
{"timestamp":"2026-07-29T10:55:02.950Z","level":"info","message":"HTTP request completed","meta":{"requestId":"73e311f4-2dff-4d8d-8bdb-831a6172dbaa","method":"POST","route":"/api/exceptions/run-checks","status":200,"durationMs":409,"orgId":null,"userId":1,"errorCode":null}}
{"timestamp":"2026-07-29T10:55:35.345Z","level":"info","message":"HTTP request completed","meta":{"requestId":"186cdcb3-0f97-4a9d-b787-be2e1bfec9e7","method":"GET","route":"/api/ready","status":200,"durationMs":4,"orgId":null,"userId":null,"errorCode":null}}
{"timestamp":"2026-07-29T10:55:35.363Z","level":"info","message":"HTTP request completed","meta":{"requestId":"434f8a12-76b7-41f5-be1b-e8668d6f1b6b","method":"GET","route":"/api/user","status":401,"durationMs":2,"orgId":null,"userId":null,"errorCode":null}}
{"timestamp":"2026-07-29T10:55:35.864Z","level":"info","message":"HTTP request completed","meta":{"requestId":"44518336-b564-4bc7-9bd0-6dd54352c9c0","method":"GET","route":"/api/csrf-token","status":200,"durationMs":3,"orgId":null,"userId":null,"errorCode":null}}
{"timestamp":"2026-07-29T10:55:35.981Z","level":"info","message":"HTTP request completed","meta":{"requestId":"0bde7a66-6d63-4966-bb64-d03e1aa16388","method":"POST","route":"/api/login","status":200,"durationMs":89,"orgId":null,"userId":1,"errorCode":null}}
{"timestamp":"2026-07-29T10:55:36.001Z","level":"info","message":"HTTP request completed","meta":{"requestId":"0ccb1c24-f1ec-42e0-91e8-ae161a56af0e","method":"GET","route":"/api/ready","status":200,"durationMs":13,"orgId":null,"userId":1,"errorCode":null}}
[SETUP_STATUS] summary requestId=91a8667e-1c4a-4b9b-80c4-d70d5f2c912c userId=1 orgId=1 health=ok firstCode=OK criticalCount=0 warningCount=0
{"timestamp":"2026-07-29T10:55:36.136Z","level":"info","message":"HTTP request completed","meta":{"requestId":"91a8667e-1c4a-4b9b-80c4-d70d5f2c912c","method":"GET","route":"/api/setup/status","status":200,"durationMs":45,"orgId":null,"userId":1,"errorCode":null}}
{"timestamp":"2026-07-29T10:55:36.144Z","level":"info","message":"HTTP request completed","meta":{"requestId":"5f7ee020-e042-42b9-9471-c629c0894d9c","method":"GET","route":"/api/release-scope","status":200,"durationMs":50,"orgId":null,"userId":1,"errorCode":null}}
{"timestamp":"2026-07-29T10:55:37.365Z","level":"info","message":"HTTP request completed","meta":{"requestId":"d47ab574-fa98-47d6-a9fe-f6779440ff13","method":"GET","route":"/api/ready","status":200,"durationMs":10,"orgId":null,"userId":1,"errorCode":null}}
{"timestamp":"2026-07-29T10:55:37.388Z","level":"info","message":"HTTP request completed","meta":{"requestId":"f5ef1dd2-c3ee-4016-a54f-3303a525572e","method":"GET","route":"/api/release-scope","status":200,"durationMs":17,"orgId":null,"userId":1,"errorCode":null}}
{"timestamp":"2026-07-29T10:55:37.393Z","level":"info","message":"HTTP request completed","meta":{"requestId":"e83460f9-244c-478f-a205-59fa140c8c10","method":"GET","route":"/api/user","status":200,"durationMs":18,"orgId":null,"userId":1,"errorCode":null}}
{"timestamp":"2026-07-29T10:55:37.445Z","level":"info","message":"HTTP request completed","meta":{"requestId":"49f99943-c796-4fe3-9044-9adeedb50205","method":"GET","route":"/api/suppliers","status":200,"durationMs":72,"orgId":null,"userId":1,"errorCode":null}}
{"timestamp":"2026-07-29T10:55:37.479Z","level":"info","message":"HTTP request completed","meta":{"requestId":"2ab501e1-6a76-488d-ac8c-24aaf98fcafb","method":"GET","route":"/api/inventory","status":200,"durationMs":105,"orgId":null,"userId":1,"errorCode":null}}
{"timestamp":"2026-07-29T10:55:37.621Z","level":"info","message":"HTTP request completed","meta":{"requestId":"4fbf2ffb-f000-4557-b2d8-d7e24a39e9c9","method":"GET","route":"/api/notifications","status":200,"durationMs":23,"orgId":null,"userId":1,"errorCode":null}}
[SETUP_STATUS] summary requestId=2ab4f897-3ad5-4145-99eb-e3bacc12a999 userId=1 orgId=1 health=ok firstCode=OK criticalCount=0 warningCount=0
{"timestamp":"2026-07-29T10:55:37.656Z","level":"info","message":"HTTP request completed","meta":{"requestId":"2ab4f897-3ad5-4145-99eb-e3bacc12a999","method":"GET","route":"/api/setup/status","status":200,"durationMs":61,"orgId":null,"userId":1,"errorCode":null}}
{"timestamp":"2026-07-29T10:55:38.364Z","level":"info","message":"HTTP request completed","meta":{"requestId":"9c85b261-040a-4fd4-ab96-6176a56b964b","method":"GET","route":"/api/diagnostics/findings","status":200,"durationMs":83,"orgId":null,"userId":1,"errorCode":null}}
{"timestamp":"2026-07-29T10:55:40.523Z","level":"info","message":"HTTP request completed","meta":{"requestId":"78b7fe54-36ed-4956-b728-ce00c2278eab","method":"GET","route":"/api/ready","status":200,"durationMs":8,"orgId":null,"userId":null,"errorCode":null}}
{"timestamp":"2026-07-29T10:55:40.531Z","level":"info","message":"HTTP request completed","meta":{"requestId":"2f584414-2051-44b6-a1d3-bac4efc93740","method":"GET","route":"/api/user","status":401,"durationMs":2,"orgId":null,"userId":null,"errorCode":null}}
{"timestamp":"2026-07-29T10:55:41.022Z","level":"info","message":"HTTP request completed","meta":{"requestId":"b098f00f-a3f1-4354-a892-0468181a57f8","method":"GET","route":"/api/csrf-token","status":200,"durationMs":22,"orgId":null,"userId":null,"errorCode":null}}
{"timestamp":"2026-07-29T10:55:41.135Z","level":"info","message":"HTTP request completed","meta":{"requestId":"b5830b51-47c4-4560-a96c-e07a456c4db7","method":"POST","route":"/api/login","status":200,"durationMs":105,"orgId":null,"userId":1,"errorCode":null}}
{"timestamp":"2026-07-29T10:55:41.161Z","level":"info","message":"HTTP request completed","meta":{"requestId":"57e1b5d6-8555-4052-80fc-8a858d289f9e","method":"GET","route":"/api/ready","status":200,"durationMs":17,"orgId":null,"userId":1,"errorCode":null}}
{"timestamp":"2026-07-29T10:55:41.278Z","level":"info","message":"HTTP request completed","meta":{"requestId":"5891d4c6-671e-4f65-9ecb-24ea094fcb09","method":"GET","route":"/api/release-scope","status":200,"durationMs":23,"orgId":null,"userId":1,"errorCode":null}}
{"timestamp":"2026-07-29T10:55:41.334Z","level":"info","message":"HTTP request completed","meta":{"requestId":"5bbe78a9-49fa-4345-b6ae-246081012d72","method":"GET","route":"/api/suppliers","status":200,"durationMs":68,"orgId":null,"userId":1,"errorCode":null}}
{"timestamp":"2026-07-29T10:55:41.341Z","level":"info","message":"HTTP request completed","meta":{"requestId":"057c0b9d-8a5e-4121-b18f-14296ab1dddc","method":"GET","route":"/api/notifications","status":200,"durationMs":77,"orgId":null,"userId":1,"errorCode":null}}
{"timestamp":"2026-07-29T10:55:41.360Z","level":"info","message":"HTTP request completed","meta":{"requestId":"44145cdc-8848-42d8-abe1-fdf0a65deaba","method":"GET","route":"/api/inventory","status":200,"durationMs":93,"orgId":null,"userId":1,"errorCode":null}}
[SETUP_STATUS] summary requestId=9e2d1b97-56ad-432a-8a3a-a0c07e2b973f userId=1 orgId=1 health=ok firstCode=OK criticalCount=0 warningCount=0
{"timestamp":"2026-07-29T10:55:41.380Z","level":"info","message":"HTTP request completed","meta":{"requestId":"9e2d1b97-56ad-432a-8a3a-a0c07e2b973f","method":"GET","route":"/api/setup/status","status":200,"durationMs":127,"orgId":null,"userId":1,"errorCode":null}}
{"timestamp":"2026-07-29T10:55:42.413Z","level":"info","message":"HTTP request completed","meta":{"requestId":"6075e393-dd91-49fe-8cba-33a949b4b84c","method":"GET","route":"/api/ready","status":200,"durationMs":10,"orgId":null,"userId":1,"errorCode":null}}
{"timestamp":"2026-07-29T10:55:42.430Z","level":"info","message":"HTTP request completed","meta":{"requestId":"5191af78-0b79-4d32-ba8d-3a9c8fc7079b","method":"GET","route":"/api/release-scope","status":200,"durationMs":15,"orgId":null,"userId":1,"errorCode":null}}
{"timestamp":"2026-07-29T10:55:42.472Z","level":"info","message":"HTTP request completed","meta":{"requestId":"65882861-9753-48df-a99f-737756499342","method":"GET","route":"/api/user","status":200,"durationMs":53,"orgId":null,"userId":1,"errorCode":null}}
{"timestamp":"2026-07-29T10:55:42.484Z","level":"info","message":"HTTP request completed","meta":{"requestId":"f8b16dd5-1163-484f-9d5e-7fa48d750b6c","method":"GET","route":"/api/suppliers","status":200,"durationMs":68,"orgId":null,"userId":1,"errorCode":null}}
{"timestamp":"2026-07-29T10:55:42.516Z","level":"info","message":"HTTP request completed","meta":{"requestId":"e18e8173-f953-4961-bd96-edc1f3ff4df1","method":"GET","route":"/api/inventory","status":200,"durationMs":98,"orgId":null,"userId":1,"errorCode":null}}
[SETUP_STATUS] summary requestId=aae3408f-daa0-404b-ab1f-49191054c76e userId=1 orgId=1 health=ok firstCode=OK criticalCount=0 warningCount=0
{"timestamp":"2026-07-29T10:55:42.696Z","level":"info","message":"HTTP request completed","meta":{"requestId":"eedcb507-0c1c-4549-835e-176456fce4c2","method":"GET","route":"/api/notifications","status":200,"durationMs":32,"orgId":null,"userId":1,"errorCode":null}}
{"timestamp":"2026-07-29T10:55:42.698Z","level":"info","message":"HTTP request completed","meta":{"requestId":"aae3408f-daa0-404b-ab1f-49191054c76e","method":"GET","route":"/api/setup/status","status":200,"durationMs":37,"orgId":null,"userId":1,"errorCode":null}}
{"timestamp":"2026-07-29T10:55:43.157Z","level":"info","message":"HTTP request completed","meta":{"requestId":"16445763-d7ad-4149-8b15-2719b5576b85","method":"GET","route":"/api/diagnostics/findings","status":200,"durationMs":73,"orgId":null,"userId":1,"errorCode":null}}
{"timestamp":"2026-07-29T10:55:44.755Z","level":"info","message":"HTTP request completed","meta":{"requestId":"32fce62c-dcbf-43f0-ada3-ad1da1cec5d3","method":"GET","route":"/api/ready","status":200,"durationMs":8,"orgId":null,"userId":null,"errorCode":null}}
{"timestamp":"2026-07-29T10:55:44.760Z","level":"info","message":"HTTP request completed","meta":{"requestId":"dbed6e91-a922-4315-b0ca-f87c02f15281","method":"GET","route":"/api/user","status":401,"durationMs":1,"orgId":null,"userId":null,"errorCode":null}}
{"timestamp":"2026-07-29T10:55:45.116Z","level":"info","message":"HTTP request completed","meta":{"requestId":"efb958bf-d1ab-476c-99b6-502bc1d2957a","method":"GET","route":"/api/csrf-token","status":200,"durationMs":4,"orgId":null,"userId":null,"errorCode":null}}
{"timestamp":"2026-07-29T10:55:45.239Z","level":"info","message":"HTTP request completed","meta":{"requestId":"b5a29a19-f1e6-4bc8-bb7e-b14469a7c315","method":"POST","route":"/api/login","status":200,"durationMs":102,"orgId":null,"userId":1,"errorCode":null}}
{"timestamp":"2026-07-29T10:55:45.260Z","level":"info","message":"HTTP request completed","meta":{"requestId":"d97ee143-7e82-49ff-9447-ada50623aebe","method":"GET","route":"/api/ready","status":200,"durationMs":16,"orgId":null,"userId":1,"errorCode":null}}
{"timestamp":"2026-07-29T10:55:45.395Z","level":"info","message":"HTTP request completed","meta":{"requestId":"e2b5544b-c0aa-4598-8df6-d913fa12f52d","method":"GET","route":"/api/release-scope","status":200,"durationMs":57,"orgId":null,"userId":1,"errorCode":null}}
[SETUP_STATUS] summary requestId=0f23e523-37f3-4f22-bb8f-25e5538747b9 userId=1 orgId=1 health=ok firstCode=OK criticalCount=0 warningCount=0
{"timestamp":"2026-07-29T10:55:45.466Z","level":"info","message":"HTTP request completed","meta":{"requestId":"2816b17c-108d-4598-b181-004589c13386","method":"GET","route":"/api/notifications","status":200,"durationMs":126,"orgId":null,"userId":1,"errorCode":null}}
{"timestamp":"2026-07-29T10:55:45.468Z","level":"info","message":"HTTP request completed","meta":{"requestId":"a4691d6c-f067-48b8-a72f-c4365dbfd7db","method":"GET","route":"/api/suppliers","status":200,"durationMs":127,"orgId":null,"userId":1,"errorCode":null}}
{"timestamp":"2026-07-29T10:55:45.469Z","level":"info","message":"HTTP request completed","meta":{"requestId":"5cedc09e-8529-4e65-aa01-74ac7077f5c6","method":"GET","route":"/api/inventory","status":200,"durationMs":127,"orgId":null,"userId":1,"errorCode":null}}
{"timestamp":"2026-07-29T10:55:45.470Z","level":"info","message":"HTTP request completed","meta":{"requestId":"0f23e523-37f3-4f22-bb8f-25e5538747b9","method":"GET","route":"/api/setup/status","status":200,"durationMs":133,"orgId":null,"userId":1,"errorCode":null}}
{"timestamp":"2026-07-29T10:55:46.375Z","level":"info","message":"HTTP request completed","meta":{"requestId":"7b563348-de72-4461-a454-d6abbd87affd","method":"GET","route":"/api/ready","status":200,"durationMs":13,"orgId":null,"userId":1,"errorCode":null}}
{"timestamp":"2026-07-29T10:55:46.385Z","level":"info","message":"HTTP request completed","meta":{"requestId":"bbe90ccd-2352-4dd9-89f6-2c9dc1bb64a5","method":"GET","route":"/api/release-scope","status":200,"durationMs":11,"orgId":null,"userId":1,"errorCode":null}}
{"timestamp":"2026-07-29T10:55:46.434Z","level":"info","message":"HTTP request completed","meta":{"requestId":"b1ad3ee8-d1a4-4742-b3a4-868481525e87","method":"GET","route":"/api/user","status":200,"durationMs":52,"orgId":null,"userId":1,"errorCode":null}}
{"timestamp":"2026-07-29T10:55:46.459Z","level":"info","message":"HTTP request completed","meta":{"requestId":"8e8986e7-ebb9-4333-85f6-f3d5fb60f4a0","method":"GET","route":"/api/suppliers","status":200,"durationMs":81,"orgId":null,"userId":1,"errorCode":null}}
{"timestamp":"2026-07-29T10:55:46.494Z","level":"info","message":"HTTP request completed","meta":{"requestId":"652e3f61-d4dd-41e5-909b-0121b2afaa98","method":"GET","route":"/api/inventory","status":200,"durationMs":115,"orgId":null,"userId":1,"errorCode":null}}
{"timestamp":"2026-07-29T10:55:46.603Z","level":"info","message":"HTTP request completed","meta":{"requestId":"3466ec71-336e-49a2-b1ae-2a3ee4e2ef3d","method":"GET","route":"/api/notifications","status":200,"durationMs":13,"orgId":null,"userId":1,"errorCode":null}}
[SETUP_STATUS] summary requestId=3f4d04d6-7351-4023-9c47-475cd29d9966 userId=1 orgId=1 health=ok firstCode=OK criticalCount=0 warningCount=0
{"timestamp":"2026-07-29T10:55:46.636Z","level":"info","message":"HTTP request completed","meta":{"requestId":"3f4d04d6-7351-4023-9c47-475cd29d9966","method":"GET","route":"/api/setup/status","status":200,"durationMs":48,"orgId":null,"userId":1,"errorCode":null}}
{"timestamp":"2026-07-29T10:55:47.054Z","level":"info","message":"HTTP request completed","meta":{"requestId":"1951f11b-f5fa-42cd-be41-b1baa30eba2a","method":"GET","route":"/api/diagnostics/findings","status":200,"durationMs":59,"orgId":null,"userId":1,"errorCode":null}}
{"timestamp":"2026-07-29T10:55:48.693Z","level":"info","message":"HTTP request completed","meta":{"requestId":"aca597ae-6ad2-4a4a-ac5e-54e1888b855f","method":"GET","route":"/api/ready","status":200,"durationMs":8,"orgId":null,"userId":null,"errorCode":null}}
{"timestamp":"2026-07-29T10:55:48.704Z","level":"info","message":"HTTP request completed","meta":{"requestId":"c73204dc-6fae-4667-9921-126ee1ab09cd","method":"GET","route":"/api/user","status":401,"durationMs":1,"orgId":null,"userId":null,"errorCode":null}}
{"timestamp":"2026-07-29T10:55:49.243Z","level":"info","message":"HTTP request completed","meta":{"requestId":"1b3571b0-306d-4c75-8b39-6263950d1ba3","method":"GET","route":"/api/csrf-token","status":200,"durationMs":3,"orgId":null,"userId":null,"errorCode":null}}
{"timestamp":"2026-07-29T10:55:49.364Z","level":"info","message":"HTTP request completed","meta":{"requestId":"508e6620-1951-44d2-95dc-49872f27885c","method":"POST","route":"/api/login","status":200,"durationMs":97,"orgId":null,"userId":1,"errorCode":null}}
{"timestamp":"2026-07-29T10:55:49.387Z","level":"info","message":"HTTP request completed","meta":{"requestId":"bba1a3fa-5fd9-46b0-8986-14e897d44b0d","method":"GET","route":"/api/ready","status":200,"durationMs":16,"orgId":null,"userId":1,"errorCode":null}}
{"timestamp":"2026-07-29T10:55:49.542Z","level":"info","message":"HTTP request completed","meta":{"requestId":"ff030a32-f926-424a-862f-04d03aa28694","method":"GET","route":"/api/suppliers","status":200,"durationMs":63,"orgId":null,"userId":1,"errorCode":null}}
{"timestamp":"2026-07-29T10:55:49.542Z","level":"info","message":"HTTP request completed","meta":{"requestId":"24269327-3ec1-496a-bda7-14cd68e1011b","method":"GET","route":"/api/notifications","status":200,"durationMs":66,"orgId":null,"userId":1,"errorCode":null}}
{"timestamp":"2026-07-29T10:55:49.547Z","level":"info","message":"HTTP request completed","meta":{"requestId":"a74a3230-8249-468b-87fe-a9b5102985ca","method":"GET","route":"/api/release-scope","status":200,"durationMs":73,"orgId":null,"userId":1,"errorCode":null}}
[SETUP_STATUS] summary requestId=4e9dacf7-0d32-4833-84df-d8bf48910de0 userId=1 orgId=1 health=ok firstCode=OK criticalCount=0 warningCount=0
{"timestamp":"2026-07-29T10:55:49.584Z","level":"info","message":"HTTP request completed","meta":{"requestId":"4e9dacf7-0d32-4833-84df-d8bf48910de0","method":"GET","route":"/api/setup/status","status":200,"durationMs":111,"orgId":null,"userId":1,"errorCode":null}}
{"timestamp":"2026-07-29T10:55:49.586Z","level":"info","message":"HTTP request completed","meta":{"requestId":"79ad82d0-9fbd-4878-9196-8b9b03837b8f","method":"GET","route":"/api/inventory","status":200,"durationMs":99,"orgId":null,"userId":1,"errorCode":null}}
{"timestamp":"2026-07-29T10:55:50.503Z","level":"info","message":"HTTP request completed","meta":{"requestId":"5a67692c-9d54-4105-914a-5c07c4cbcaca","method":"GET","route":"/api/release-scope","status":200,"durationMs":23,"orgId":null,"userId":1,"errorCode":null}}
{"timestamp":"2026-07-29T10:55:50.548Z","level":"info","message":"HTTP request completed","meta":{"requestId":"abc01c13-c08d-49bb-967f-2a6edcc67f62","method":"GET","route":"/api/user","status":200,"durationMs":66,"orgId":null,"userId":1,"errorCode":null}}
{"timestamp":"2026-07-29T10:55:50.554Z","level":"info","message":"HTTP request completed","meta":{"requestId":"b3f87e86-de70-407d-b8aa-8a8483034811","method":"GET","route":"/api/ready","status":200,"durationMs":76,"orgId":null,"userId":1,"errorCode":null}}
{"timestamp":"2026-07-29T10:55:50.555Z","level":"info","message":"HTTP request completed","meta":{"requestId":"f4431cd7-c636-4121-8524-36404d628d42","method":"GET","route":"/api/suppliers","status":200,"durationMs":74,"orgId":null,"userId":1,"errorCode":null}}
{"timestamp":"2026-07-29T10:55:50.577Z","level":"info","message":"HTTP request completed","meta":{"requestId":"76a46089-5835-47a2-91b0-90191e18247a","method":"GET","route":"/api/inventory","status":200,"durationMs":95,"orgId":null,"userId":1,"errorCode":null}}
{"timestamp":"2026-07-29T10:55:50.726Z","level":"info","message":"HTTP request completed","meta":{"requestId":"70dcbe81-fe4b-4d72-9bd3-0df3e2eb4f80","method":"GET","route":"/api/notifications","status":200,"durationMs":12,"orgId":null,"userId":1,"errorCode":null}}
[SETUP_STATUS] summary requestId=9932cd05-c401-4c0d-96b6-d8d8c4b7b9db userId=1 orgId=1 health=ok firstCode=OK criticalCount=0 warningCount=0
{"timestamp":"2026-07-29T10:55:50.766Z","level":"info","message":"HTTP request completed","meta":{"requestId":"9932cd05-c401-4c0d-96b6-d8d8c4b7b9db","method":"GET","route":"/api/setup/status","status":200,"durationMs":54,"orgId":null,"userId":1,"errorCode":null}}
{"timestamp":"2026-07-29T10:55:51.167Z","level":"info","message":"HTTP request completed","meta":{"requestId":"1d202ace-8f74-4081-829d-71147f030f12","method":"GET","route":"/api/diagnostics/findings","status":200,"durationMs":36,"orgId":null,"userId":1,"errorCode":null}}
{"timestamp":"2026-07-29T10:55:53.354Z","level":"info","message":"HTTP request completed","meta":{"requestId":"0b4f1457-7f4e-4079-98ab-dec583880895","method":"GET","route":"/api/ready","status":200,"durationMs":8,"orgId":null,"userId":null,"errorCode":null}}
{"timestamp":"2026-07-29T10:55:53.366Z","level":"info","message":"HTTP request completed","meta":{"requestId":"fc4b0d27-1fa4-4c62-9200-6733b6535d33","method":"GET","route":"/api/user","status":401,"durationMs":1,"orgId":null,"userId":null,"errorCode":null}}
{"timestamp":"2026-07-29T10:55:53.877Z","level":"info","message":"HTTP request completed","meta":{"requestId":"0d6c2359-280c-431d-994d-ab0d91eac424","method":"GET","route":"/api/csrf-token","status":200,"durationMs":4,"orgId":null,"userId":null,"errorCode":null}}
{"timestamp":"2026-07-29T10:55:53.993Z","level":"info","message":"HTTP request completed","meta":{"requestId":"3a7ffec8-5d24-43b8-b4a0-d61a423163dd","method":"POST","route":"/api/login","status":200,"durationMs":102,"orgId":null,"userId":1,"errorCode":null}}
{"timestamp":"2026-07-29T10:55:54.016Z","level":"info","message":"HTTP request completed","meta":{"requestId":"b2e02c63-8c04-4437-aeea-88ee53ad4e54","method":"GET","route":"/api/ready","status":200,"durationMs":17,"orgId":null,"userId":1,"errorCode":null}}
{"timestamp":"2026-07-29T10:55:54.158Z","level":"info","message":"HTTP request completed","meta":{"requestId":"b0237a16-8b13-43f0-b4c0-71d7c34616f4","method":"GET","route":"/api/notifications","status":200,"durationMs":63,"orgId":null,"userId":1,"errorCode":null}}
{"timestamp":"2026-07-29T10:55:54.163Z","level":"info","message":"HTTP request completed","meta":{"requestId":"1593ddb0-6475-4b4a-a63f-b1fb9f96cef1","method":"GET","route":"/api/suppliers","status":200,"durationMs":67,"orgId":null,"userId":1,"errorCode":null}}
{"timestamp":"2026-07-29T10:55:54.182Z","level":"info","message":"HTTP request completed","meta":{"requestId":"47536b34-2c84-4733-836f-3569b43a9262","method":"GET","route":"/api/release-scope","status":200,"durationMs":90,"orgId":null,"userId":1,"errorCode":null}}
{"timestamp":"2026-07-29T10:55:54.198Z","level":"info","message":"HTTP request completed","meta":{"requestId":"a3749ac2-1433-4ebb-affd-90cb0d4f372e","method":"GET","route":"/api/inventory","status":200,"durationMs":102,"orgId":null,"userId":1,"errorCode":null}}
[SETUP_STATUS] summary requestId=9f2d8def-5ba4-455d-9f48-6bdfae7e96ce userId=1 orgId=1 health=ok firstCode=OK criticalCount=0 warningCount=0
{"timestamp":"2026-07-29T10:55:54.219Z","level":"info","message":"HTTP request completed","meta":{"requestId":"9f2d8def-5ba4-455d-9f48-6bdfae7e96ce","method":"GET","route":"/api/setup/status","status":200,"durationMs":128,"orgId":null,"userId":1,"errorCode":null}}
{"timestamp":"2026-07-29T10:55:55.116Z","level":"info","message":"HTTP request completed","meta":{"requestId":"784bb963-89d6-4afd-8462-e322e7a0fcc4","method":"GET","route":"/api/ready","status":200,"durationMs":12,"orgId":null,"userId":1,"errorCode":null}}
{"timestamp":"2026-07-29T10:55:55.128Z","level":"info","message":"HTTP request completed","meta":{"requestId":"8c3b2d12-2718-4a2f-bd5d-7bbec829152b","method":"GET","route":"/api/release-scope","status":200,"durationMs":13,"orgId":null,"userId":1,"errorCode":null}}
{"timestamp":"2026-07-29T10:55:55.204Z","level":"info","message":"HTTP request completed","meta":{"requestId":"fc8bc54e-b524-40a5-a601-3b0e7adc1321","method":"GET","route":"/api/user","status":200,"durationMs":82,"orgId":null,"userId":1,"errorCode":null}}
{"timestamp":"2026-07-29T10:55:55.205Z","level":"info","message":"HTTP request completed","meta":{"requestId":"123e8cde-9ccf-4a74-b030-60757b144761","method":"GET","route":"/api/suppliers","status":200,"durationMs":88,"orgId":null,"userId":1,"errorCode":null}}
{"timestamp":"2026-07-29T10:55:55.234Z","level":"info","message":"HTTP request completed","meta":{"requestId":"2fe4cead-1187-40db-8e20-d846d0850e0b","method":"GET","route":"/api/inventory","status":200,"durationMs":115,"orgId":null,"userId":1,"errorCode":null}}
{"timestamp":"2026-07-29T10:55:55.362Z","level":"info","message":"HTTP request completed","meta":{"requestId":"0a9e640d-b9e6-428e-9abe-06598fe8d69b","method":"GET","route":"/api/notifications","status":200,"durationMs":14,"orgId":null,"userId":1,"errorCode":null}}
[SETUP_STATUS] summary requestId=91422abe-e458-41a6-a47b-ac7851f788a2 userId=1 orgId=1 health=ok firstCode=OK criticalCount=0 warningCount=0
{"timestamp":"2026-07-29T10:55:55.377Z","level":"info","message":"HTTP request completed","meta":{"requestId":"91422abe-e458-41a6-a47b-ac7851f788a2","method":"GET","route":"/api/setup/status","status":200,"durationMs":30,"orgId":null,"userId":1,"errorCode":null}}
{"timestamp":"2026-07-29T10:55:55.817Z","level":"info","message":"HTTP request completed","meta":{"requestId":"cc1b755b-8eea-4d2f-8754-483a82c1161a","method":"GET","route":"/api/diagnostics/findings","status":200,"durationMs":55,"orgId":null,"userId":1,"errorCode":null}}
{"timestamp":"2026-07-29T10:55:58.491Z","level":"info","message":"HTTP request completed","meta":{"requestId":"4657278e-3049-49c5-b09d-2cd4767a1e6c","method":"GET","route":"/api/ready","status":200,"durationMs":7,"orgId":null,"userId":null,"errorCode":null}}
{"timestamp":"2026-07-29T10:55:58.499Z","level":"info","message":"HTTP request completed","meta":{"requestId":"c05bbeec-056f-416a-9e05-a126bbaadf1e","method":"GET","route":"/api/user","status":401,"durationMs":1,"orgId":null,"userId":null,"errorCode":null}}
{"timestamp":"2026-07-29T10:55:59.112Z","level":"info","message":"HTTP request completed","meta":{"requestId":"fe609001-9d09-4da6-aed9-be4f36473304","method":"GET","route":"/api/csrf-token","status":200,"durationMs":5,"orgId":null,"userId":null,"errorCode":null}}
{"timestamp":"2026-07-29T10:55:59.233Z","level":"info","message":"HTTP request completed","meta":{"requestId":"568aceda-f381-4f23-a593-74d7be8dee04","method":"POST","route":"/api/login","status":200,"durationMs":104,"orgId":null,"userId":1,"errorCode":null}}
{"timestamp":"2026-07-29T10:55:59.257Z","level":"info","message":"HTTP request completed","meta":{"requestId":"9ca141af-e3ea-4614-85f7-352f3f7407fc","method":"GET","route":"/api/ready","status":200,"durationMs":17,"orgId":null,"userId":1,"errorCode":null}}
[SETUP_STATUS] summary requestId=1187a4b1-1ca6-4a22-b343-028ed926b5ba userId=1 orgId=1 health=ok firstCode=OK criticalCount=0 warningCount=0
{"timestamp":"2026-07-29T10:55:59.499Z","level":"info","message":"HTTP request completed","meta":{"requestId":"3eabfced-5512-4a68-87de-4fd18eaaec1e","method":"GET","route":"/api/suppliers","status":200,"durationMs":157,"orgId":null,"userId":1,"errorCode":null}}
{"timestamp":"2026-07-29T10:55:59.500Z","level":"info","message":"HTTP request completed","meta":{"requestId":"9eb03eb0-5f8c-4004-8633-8d9dfd53953d","method":"GET","route":"/api/notifications","status":200,"durationMs":163,"orgId":null,"userId":1,"errorCode":null}}
{"timestamp":"2026-07-29T10:55:59.505Z","level":"info","message":"HTTP request completed","meta":{"requestId":"d1ff51c2-b27d-4489-b820-e8a62131d120","method":"GET","route":"/api/release-scope","status":200,"durationMs":172,"orgId":null,"userId":1,"errorCode":null}}
{"timestamp":"2026-07-29T10:55:59.506Z","level":"info","message":"HTTP request completed","meta":{"requestId":"1187a4b1-1ca6-4a22-b343-028ed926b5ba","method":"GET","route":"/api/setup/status","status":200,"durationMs":174,"orgId":null,"userId":1,"errorCode":null}}
{"timestamp":"2026-07-29T10:55:59.531Z","level":"info","message":"HTTP request completed","meta":{"requestId":"bcfbc4f2-7a2f-46ae-80d2-66647c3e175b","method":"GET","route":"/api/inventory","status":200,"durationMs":189,"orgId":null,"userId":1,"errorCode":null}}
{"timestamp":"2026-07-29T10:56:00.646Z","level":"info","message":"HTTP request completed","meta":{"requestId":"dedb7a01-a60b-4a75-9e08-5bf40403da8c","method":"GET","route":"/api/ready","status":200,"durationMs":11,"orgId":null,"userId":1,"errorCode":null}}
{"timestamp":"2026-07-29T10:56:00.661Z","level":"info","message":"HTTP request completed","meta":{"requestId":"6e386a22-b467-4498-9434-09933d767d6e","method":"GET","route":"/api/release-scope","status":200,"durationMs":13,"orgId":null,"userId":1,"errorCode":null}}
{"timestamp":"2026-07-29T10:56:00.671Z","level":"info","message":"HTTP request completed","meta":{"requestId":"1c6c41e8-d8b7-4487-b49a-306a96800ba0","method":"GET","route":"/api/user","status":200,"durationMs":19,"orgId":null,"userId":1,"errorCode":null}}
{"timestamp":"2026-07-29T10:56:00.740Z","level":"info","message":"HTTP request completed","meta":{"requestId":"c5a8565d-031d-499b-b859-78355e5cbd97","method":"GET","route":"/api/suppliers","status":200,"durationMs":88,"orgId":null,"userId":1,"errorCode":null}}
{"timestamp":"2026-07-29T10:56:00.756Z","level":"info","message":"HTTP request completed","meta":{"requestId":"9b59f9b1-9f49-404c-9cc7-39bea6dd1c37","method":"GET","route":"/api/inventory","status":200,"durationMs":104,"orgId":null,"userId":1,"errorCode":null}}
{"timestamp":"2026-07-29T10:56:00.886Z","level":"info","message":"HTTP request completed","meta":{"requestId":"85e4ad12-cc25-4442-8feb-565121fe815b","method":"GET","route":"/api/notifications","status":200,"durationMs":13,"orgId":null,"userId":1,"errorCode":null}}
[SETUP_STATUS] summary requestId=10d7a68e-e9e3-4b83-9669-5aa1a0931dfb userId=1 orgId=1 health=ok firstCode=OK criticalCount=0 warningCount=0
{"timestamp":"2026-07-29T10:56:00.899Z","level":"info","message":"HTTP request completed","meta":{"requestId":"10d7a68e-e9e3-4b83-9669-5aa1a0931dfb","method":"GET","route":"/api/setup/status","status":200,"durationMs":27,"orgId":null,"userId":1,"errorCode":null}}
{"timestamp":"2026-07-29T10:56:01.333Z","level":"info","message":"HTTP request completed","meta":{"requestId":"e0442144-92e2-4559-bc10-1159202d0686","method":"GET","route":"/api/diagnostics/findings","status":200,"durationMs":52,"orgId":null,"userId":1,"errorCode":null}}
{"timestamp":"2026-07-29T10:56:04.628Z","level":"info","message":"HTTP request completed","meta":{"requestId":"23524fcb-59b1-42ca-8446-c6601a010873","method":"GET","route":"/api/ready","status":200,"durationMs":7,"orgId":null,"userId":null,"errorCode":null}}
{"timestamp":"2026-07-29T10:56:04.636Z","level":"info","message":"HTTP request completed","meta":{"requestId":"17441a2b-75a0-4939-b9f4-b5d5bdeb44b6","method":"GET","route":"/api/user","status":401,"durationMs":2,"orgId":null,"userId":null,"errorCode":null}}
{"timestamp":"2026-07-29T10:56:05.225Z","level":"info","message":"HTTP request completed","meta":{"requestId":"67e958f1-97cf-431c-b79d-8530ff4012cc","method":"GET","route":"/api/csrf-token","status":200,"durationMs":3,"orgId":null,"userId":null,"errorCode":null}}
{"timestamp":"2026-07-29T10:56:05.345Z","level":"info","message":"HTTP request completed","meta":{"requestId":"da2eaceb-ecc6-43f8-9bfe-dd50f3f701e1","method":"POST","route":"/api/login","status":200,"durationMs":103,"orgId":null,"userId":1,"errorCode":null}}
{"timestamp":"2026-07-29T10:56:05.370Z","level":"info","message":"HTTP request completed","meta":{"requestId":"4870c8d9-20f7-4025-84d7-7959a695aedb","method":"GET","route":"/api/ready","status":200,"durationMs":20,"orgId":null,"userId":1,"errorCode":null}}
{"timestamp":"2026-07-29T10:56:05.523Z","level":"info","message":"HTTP request completed","meta":{"requestId":"7b783d15-5020-4b9c-aa86-26328504f883","method":"GET","route":"/api/suppliers","status":200,"durationMs":69,"orgId":null,"userId":1,"errorCode":null}}
{"timestamp":"2026-07-29T10:56:05.538Z","level":"info","message":"HTTP request completed","meta":{"requestId":"03ac12f3-3fe6-477d-851a-10b517ecc1de","method":"GET","route":"/api/notifications","status":200,"durationMs":85,"orgId":null,"userId":1,"errorCode":null}}
{"timestamp":"2026-07-29T10:56:05.538Z","level":"info","message":"HTTP request completed","meta":{"requestId":"40b77c75-b692-49b2-a0bd-750c0f1854d5","method":"GET","route":"/api/release-scope","status":200,"durationMs":87,"orgId":null,"userId":1,"errorCode":null}}
[SETUP_STATUS] summary requestId=ed1b4457-2933-46e9-a20f-f3090e0c9acb userId=1 orgId=1 health=ok firstCode=OK criticalCount=0 warningCount=0
{"timestamp":"2026-07-29T10:56:05.570Z","level":"info","message":"HTTP request completed","meta":{"requestId":"ed1b4457-2933-46e9-a20f-f3090e0c9acb","method":"GET","route":"/api/setup/status","status":200,"durationMs":120,"orgId":null,"userId":1,"errorCode":null}}
{"timestamp":"2026-07-29T10:56:05.572Z","level":"info","message":"HTTP request completed","meta":{"requestId":"1f9a8acd-a7a3-4c78-8383-92d2c1183872","method":"GET","route":"/api/inventory","status":200,"durationMs":105,"orgId":null,"userId":1,"errorCode":null}}
{"timestamp":"2026-07-29T10:56:06.441Z","level":"info","message":"HTTP request completed","meta":{"requestId":"52e70dc8-7d09-4903-bd2e-646fda658f41","method":"GET","route":"/api/ready","status":200,"durationMs":12,"orgId":null,"userId":1,"errorCode":null}}
{"timestamp":"2026-07-29T10:56:06.457Z","level":"info","message":"HTTP request completed","meta":{"requestId":"42cd25a7-03a7-4682-926e-41fe16c4e699","method":"GET","route":"/api/release-scope","status":200,"durationMs":16,"orgId":null,"userId":1,"errorCode":null}}
{"timestamp":"2026-07-29T10:56:06.497Z","level":"info","message":"HTTP request completed","meta":{"requestId":"50ca7b79-859b-4ba9-85dd-e434810cf971","method":"GET","route":"/api/user","status":200,"durationMs":49,"orgId":null,"userId":1,"errorCode":null}}
{"timestamp":"2026-07-29T10:56:06.503Z","level":"info","message":"HTTP request completed","meta":{"requestId":"46fb0560-b70f-4781-8d12-43fb93c83cd7","method":"GET","route":"/api/suppliers","status":200,"durationMs":61,"orgId":null,"userId":1,"errorCode":null}}
{"timestamp":"2026-07-29T10:56:06.549Z","level":"info","message":"HTTP request completed","meta":{"requestId":"8c0eacc3-cb98-4bde-be50-e80d4d6a3112","method":"GET","route":"/api/inventory","status":200,"durationMs":103,"orgId":null,"userId":1,"errorCode":null}}
{"timestamp":"2026-07-29T10:56:06.673Z","level":"info","message":"HTTP request completed","meta":{"requestId":"969d9e18-1879-48f1-9004-11cd6000d994","method":"GET","route":"/api/notifications","status":200,"durationMs":12,"orgId":null,"userId":1,"errorCode":null}}
[SETUP_STATUS] summary requestId=9bdf3ee9-69bd-4acd-a6cc-d49f08482338 userId=1 orgId=1 health=ok firstCode=OK criticalCount=0 warningCount=0
{"timestamp":"2026-07-29T10:56:06.691Z","level":"info","message":"HTTP request completed","meta":{"requestId":"9bdf3ee9-69bd-4acd-a6cc-d49f08482338","method":"GET","route":"/api/setup/status","status":200,"durationMs":32,"orgId":null,"userId":1,"errorCode":null}}
{"timestamp":"2026-07-29T10:56:07.188Z","level":"info","message":"HTTP request completed","meta":{"requestId":"ad3b7dd9-8c3a-4772-bb92-85b682cff146","method":"GET","route":"/api/diagnostics/findings","status":200,"durationMs":53,"orgId":null,"userId":1,"errorCode":null}}
{"timestamp":"2026-07-29T10:56:09.302Z","level":"info","message":"HTTP request completed","meta":{"requestId":"144d654f-4292-4a12-94f6-243005825f8f","method":"GET","route":"/api/ready","status":200,"durationMs":9,"orgId":null,"userId":null,"errorCode":null}}
{"timestamp":"2026-07-29T10:56:09.308Z","level":"info","message":"HTTP request completed","meta":{"requestId":"f6a21964-0cba-4f74-b1d5-15679daa5a06","method":"GET","route":"/api/user","status":401,"durationMs":1,"orgId":null,"userId":null,"errorCode":null}}
{"timestamp":"2026-07-29T10:56:09.850Z","level":"info","message":"HTTP request completed","meta":{"requestId":"ee9fa6e4-dadc-46ad-966d-1410025a9a44","method":"GET","route":"/api/csrf-token","status":200,"durationMs":4,"orgId":null,"userId":null,"errorCode":null}}
{"timestamp":"2026-07-29T10:56:10.020Z","level":"info","message":"HTTP request completed","meta":{"requestId":"21660863-0abd-4d6c-b4a4-ebfdd6d2407f","method":"POST","route":"/api/login","status":200,"durationMs":154,"orgId":null,"userId":1,"errorCode":null}}
{"timestamp":"2026-07-29T10:56:10.048Z","level":"info","message":"HTTP request completed","meta":{"requestId":"31db2bf2-19cd-4666-9dad-49246301e6a5","method":"GET","route":"/api/ready","status":200,"durationMs":18,"orgId":null,"userId":1,"errorCode":null}}
{"timestamp":"2026-07-29T10:56:10.175Z","level":"info","message":"HTTP request completed","meta":{"requestId":"47acfcfa-cdb9-4bcf-b5b5-641b6f7a37bd","method":"GET","route":"/api/notifications","status":200,"durationMs":64,"orgId":null,"userId":1,"errorCode":null}}
{"timestamp":"2026-07-29T10:56:10.176Z","level":"info","message":"HTTP request completed","meta":{"requestId":"103fca07-e7bc-4975-8c9e-5633d77dc036","method":"GET","route":"/api/suppliers","status":200,"durationMs":64,"orgId":null,"userId":1,"errorCode":null}}
{"timestamp":"2026-07-29T10:56:10.196Z","level":"info","message":"HTTP request completed","meta":{"requestId":"d42ffab6-0752-4a6d-b163-c4e3ab6463db","method":"GET","route":"/api/release-scope","status":200,"durationMs":87,"orgId":null,"userId":1,"errorCode":null}}
[SETUP_STATUS] summary requestId=12dd36fc-16c4-41f1-b239-6201224a52ac userId=1 orgId=1 health=ok firstCode=OK criticalCount=0 warningCount=0
{"timestamp":"2026-07-29T10:56:10.226Z","level":"info","message":"HTTP request completed","meta":{"requestId":"e45f2efd-274f-46d4-8bf3-e53350597b71","method":"GET","route":"/api/inventory","status":200,"durationMs":112,"orgId":null,"userId":1,"errorCode":null}}
{"timestamp":"2026-07-29T10:56:10.227Z","level":"info","message":"HTTP request completed","meta":{"requestId":"12dd36fc-16c4-41f1-b239-6201224a52ac","method":"GET","route":"/api/setup/status","status":200,"durationMs":119,"orgId":null,"userId":1,"errorCode":null}}
{"timestamp":"2026-07-29T10:56:11.052Z","level":"info","message":"HTTP request completed","meta":{"requestId":"6ea95765-7160-401d-bf76-24f926dca7ee","method":"GET","route":"/api/ready","status":200,"durationMs":10,"orgId":null,"userId":1,"errorCode":null}}
{"timestamp":"2026-07-29T10:56:11.080Z","level":"info","message":"HTTP request completed","meta":{"requestId":"a7d1c2c3-975b-4afc-95da-e2e1baea8a70","method":"GET","route":"/api/release-scope","status":200,"durationMs":14,"orgId":null,"userId":1,"errorCode":null}}
{"timestamp":"2026-07-29T10:56:11.123Z","level":"info","message":"HTTP request completed","meta":{"requestId":"121d7867-e203-4e8e-849d-974a4bee3800","method":"GET","route":"/api/user","status":200,"durationMs":53,"orgId":null,"userId":1,"errorCode":null}}
{"timestamp":"2026-07-29T10:56:11.150Z","level":"info","message":"HTTP request completed","meta":{"requestId":"40753091-51b8-41e3-a6b2-7930067f826e","method":"GET","route":"/api/suppliers","status":200,"durationMs":82,"orgId":null,"userId":1,"errorCode":null}}
{"timestamp":"2026-07-29T10:56:11.178Z","level":"info","message":"HTTP request completed","meta":{"requestId":"33206d2c-3bad-43a8-8727-327ac12f3f1b","method":"GET","route":"/api/inventory","status":200,"durationMs":109,"orgId":null,"userId":1,"errorCode":null}}
{"timestamp":"2026-07-29T10:56:11.299Z","level":"info","message":"HTTP request completed","meta":{"requestId":"1d78364a-1454-48b9-8441-5e698785c50e","method":"GET","route":"/api/notifications","status":200,"durationMs":12,"orgId":null,"userId":1,"errorCode":null}}
[SETUP_STATUS] summary requestId=6ec20833-918a-43c5-9181-41a36ad68725 userId=1 orgId=1 health=ok firstCode=OK criticalCount=0 warningCount=0
{"timestamp":"2026-07-29T10:56:11.337Z","level":"info","message":"HTTP request completed","meta":{"requestId":"6ec20833-918a-43c5-9181-41a36ad68725","method":"GET","route":"/api/setup/status","status":200,"durationMs":51,"orgId":null,"userId":1,"errorCode":null}}
{"timestamp":"2026-07-29T10:56:11.760Z","level":"info","message":"HTTP request completed","meta":{"requestId":"84d46138-8fba-467c-a525-bb04bcdc8a00","method":"GET","route":"/api/diagnostics/findings","status":200,"durationMs":56,"orgId":null,"userId":1,"errorCode":null}}
{"timestamp":"2026-07-29T10:56:13.880Z","level":"info","message":"HTTP request completed","meta":{"requestId":"62d25081-5edf-4507-8270-6d66e4bfd9c2","method":"GET","route":"/api/ready","status":200,"durationMs":9,"orgId":null,"userId":null,"errorCode":null}}
{"timestamp":"2026-07-29T10:56:13.887Z","level":"info","message":"HTTP request completed","meta":{"requestId":"a13430a5-5fc1-438b-84a8-84e47b93ab44","method":"GET","route":"/api/user","status":401,"durationMs":1,"orgId":null,"userId":null,"errorCode":null}}
{"timestamp":"2026-07-29T10:56:14.374Z","level":"info","message":"HTTP request completed","meta":{"requestId":"412dc944-962b-44f7-833d-ea08f900aabf","method":"GET","route":"/api/csrf-token","status":200,"durationMs":3,"orgId":null,"userId":null,"errorCode":null}}
{"timestamp":"2026-07-29T10:56:14.499Z","level":"info","message":"HTTP request completed","meta":{"requestId":"8eebc442-b128-49c5-93a8-60a9578bc8b6","method":"POST","route":"/api/login","status":200,"durationMs":105,"orgId":null,"userId":1,"errorCode":null}}
{"timestamp":"2026-07-29T10:56:14.524Z","level":"info","message":"HTTP request completed","meta":{"requestId":"6109eb12-1683-4264-b560-e346e7b72981","method":"GET","route":"/api/ready","status":200,"durationMs":16,"orgId":null,"userId":1,"errorCode":null}}
{"timestamp":"2026-07-29T10:56:14.679Z","level":"info","message":"HTTP request completed","meta":{"requestId":"8289961b-fd40-43c9-ae80-f989b8d9b28d","method":"GET","route":"/api/suppliers","status":200,"durationMs":69,"orgId":null,"userId":1,"errorCode":null}}
{"timestamp":"2026-07-29T10:56:14.684Z","level":"info","message":"HTTP request completed","meta":{"requestId":"9cc56b6a-3a49-4fe8-8abe-473a2068b552","method":"GET","route":"/api/notifications","status":200,"durationMs":77,"orgId":null,"userId":1,"errorCode":null}}
[SETUP_STATUS] summary requestId=3d3c5888-9b99-427e-851a-9b91c43f682f userId=1 orgId=1 health=ok firstCode=OK criticalCount=0 warningCount=0
{"timestamp":"2026-07-29T10:56:14.705Z","level":"info","message":"HTTP request completed","meta":{"requestId":"f6dab154-244e-4fdf-8d28-20f426a0b042","method":"GET","route":"/api/release-scope","status":200,"durationMs":104,"orgId":null,"userId":1,"errorCode":null}}
{"timestamp":"2026-07-29T10:56:14.718Z","level":"info","message":"HTTP request completed","meta":{"requestId":"3d3c5888-9b99-427e-851a-9b91c43f682f","method":"GET","route":"/api/setup/status","status":200,"durationMs":118,"orgId":null,"userId":1,"errorCode":null}}
{"timestamp":"2026-07-29T10:56:14.720Z","level":"info","message":"HTTP request completed","meta":{"requestId":"33b1eccb-b6f7-4dc3-9549-cec4064d64de","method":"GET","route":"/api/inventory","status":200,"durationMs":109,"orgId":null,"userId":1,"errorCode":null}}
{"timestamp":"2026-07-29T10:56:15.709Z","level":"info","message":"HTTP request completed","meta":{"requestId":"ae395be7-9a44-455e-8688-17e831054234","method":"GET","route":"/api/ready","status":200,"durationMs":10,"orgId":null,"userId":1,"errorCode":null}}
{"timestamp":"2026-07-29T10:56:15.725Z","level":"info","message":"HTTP request completed","meta":{"requestId":"e60a868c-05df-42a0-a7f9-cc81c5640d9f","method":"GET","route":"/api/release-scope","status":200,"durationMs":15,"orgId":null,"userId":1,"errorCode":null}}
{"timestamp":"2026-07-29T10:56:15.728Z","level":"info","message":"HTTP request completed","meta":{"requestId":"2bd6a90a-ebd4-4e18-929a-afbca6f37f39","method":"GET","route":"/api/user","status":200,"durationMs":13,"orgId":null,"userId":1,"errorCode":null}}
{"timestamp":"2026-07-29T10:56:15.801Z","level":"info","message":"HTTP request completed","meta":{"requestId":"09e8a16a-c075-4fa0-a819-89370bd28033","method":"GET","route":"/api/suppliers","status":200,"durationMs":90,"orgId":null,"userId":1,"errorCode":null}}
{"timestamp":"2026-07-29T10:56:15.833Z","level":"info","message":"HTTP request completed","meta":{"requestId":"b04dea49-5480-4adf-b0c1-0cdf77bbf29e","method":"GET","route":"/api/inventory","status":200,"durationMs":119,"orgId":null,"userId":1,"errorCode":null}}
[SETUP_STATUS] summary requestId=b734d5e9-b37e-4651-a2f6-d12dfcc23e35 userId=1 orgId=1 health=ok firstCode=OK criticalCount=0 warningCount=0
{"timestamp":"2026-07-29T10:56:15.960Z","level":"info","message":"HTTP request completed","meta":{"requestId":"b734d5e9-b37e-4651-a2f6-d12dfcc23e35","method":"GET","route":"/api/setup/status","status":200,"durationMs":22,"orgId":null,"userId":1,"errorCode":null}}
{"timestamp":"2026-07-29T10:56:15.961Z","level":"info","message":"HTTP request completed","meta":{"requestId":"8bd6e264-034c-465f-87b2-01ab2eeaf38d","method":"GET","route":"/api/notifications","status":200,"durationMs":22,"orgId":null,"userId":1,"errorCode":null}}
{"timestamp":"2026-07-29T10:56:16.338Z","level":"info","message":"HTTP request completed","meta":{"requestId":"3f7bd2a5-78c7-4181-8275-64575441a976","method":"GET","route":"/api/diagnostics/findings","status":200,"durationMs":38,"orgId":null,"userId":1,"errorCode":null}}
{"timestamp":"2026-07-29T10:56:19.499Z","level":"info","message":"HTTP request completed","meta":{"requestId":"b770cc79-87af-4786-a468-65bd5788f279","method":"GET","route":"/api/ready","status":200,"durationMs":7,"orgId":null,"userId":null,"errorCode":null}}
{"timestamp":"2026-07-29T10:56:19.503Z","level":"info","message":"HTTP request completed","meta":{"requestId":"7a472d0c-fc68-4778-af4f-ae12e68a7f58","method":"GET","route":"/api/user","status":401,"durationMs":1,"orgId":null,"userId":null,"errorCode":null}}
{"timestamp":"2026-07-29T10:56:19.953Z","level":"info","message":"HTTP request completed","meta":{"requestId":"0cd27923-2fa9-4f31-8b12-a755aa62d20f","method":"GET","route":"/api/csrf-token","status":200,"durationMs":3,"orgId":null,"userId":null,"errorCode":null}}
{"timestamp":"2026-07-29T10:56:20.089Z","level":"info","message":"HTTP request completed","meta":{"requestId":"093fce17-0aa8-4bc5-9b08-a391a03dfdbb","method":"POST","route":"/api/login","status":200,"durationMs":118,"orgId":null,"userId":1,"errorCode":null}}
{"timestamp":"2026-07-29T10:56:20.110Z","level":"info","message":"HTTP request completed","meta":{"requestId":"94572ad1-fdd3-4920-8d11-f98a61234499","method":"GET","route":"/api/ready","status":200,"durationMs":15,"orgId":null,"userId":1,"errorCode":null}}
{"timestamp":"2026-07-29T10:56:20.251Z","level":"info","message":"HTTP request completed","meta":{"requestId":"433f8a3e-f337-4f15-a77d-2d554108f993","method":"GET","route":"/api/notifications","status":200,"durationMs":57,"orgId":null,"userId":1,"errorCode":null}}
{"timestamp":"2026-07-29T10:56:20.258Z","level":"info","message":"HTTP request completed","meta":{"requestId":"e08d7bac-4f14-4eb0-8dbb-0af4ad612d88","method":"GET","route":"/api/suppliers","status":200,"durationMs":62,"orgId":null,"userId":1,"errorCode":null}}
[SETUP_STATUS] summary requestId=f368edef-4eee-4bab-868f-1a2189693e77 userId=1 orgId=1 health=ok firstCode=OK criticalCount=0 warningCount=0
{"timestamp":"2026-07-29T10:56:20.362Z","level":"info","message":"HTTP request completed","meta":{"requestId":"f368edef-4eee-4bab-868f-1a2189693e77","method":"GET","route":"/api/setup/status","status":200,"durationMs":174,"orgId":null,"userId":1,"errorCode":null}}
{"timestamp":"2026-07-29T10:56:20.367Z","level":"info","message":"HTTP request completed","meta":{"requestId":"385694b8-f98d-4a2c-8490-669534833cfa","method":"GET","route":"/api/release-scope","status":200,"durationMs":173,"orgId":null,"userId":1,"errorCode":null}}
{"timestamp":"2026-07-29T10:56:20.367Z","level":"info","message":"HTTP request completed","meta":{"requestId":"519db782-0fe2-49aa-8966-0d7976b80ae4","method":"GET","route":"/api/inventory","status":200,"durationMs":169,"orgId":null,"userId":1,"errorCode":null}}
{"timestamp":"2026-07-29T10:56:21.271Z","level":"info","message":"HTTP request completed","meta":{"requestId":"1390be50-21dc-4b8d-8381-03da9d50ea32","method":"GET","route":"/api/ready","status":200,"durationMs":10,"orgId":null,"userId":1,"errorCode":null}}
{"timestamp":"2026-07-29T10:56:21.287Z","level":"info","message":"HTTP request completed","meta":{"requestId":"56bd062a-046b-4a89-9c72-e0e0e17279f0","method":"GET","route":"/api/release-scope","status":200,"durationMs":14,"orgId":null,"userId":1,"errorCode":null}}
{"timestamp":"2026-07-29T10:56:21.290Z","level":"info","message":"HTTP request completed","meta":{"requestId":"706c0d5c-7853-4e17-bc4a-017f9eeca437","method":"GET","route":"/api/user","status":200,"durationMs":11,"orgId":null,"userId":1,"errorCode":null}}
{"timestamp":"2026-07-29T10:56:21.346Z","level":"info","message":"HTTP request completed","meta":{"requestId":"c50367d7-bbc5-4a02-a98a-17d5ab5359f1","method":"GET","route":"/api/suppliers","status":200,"durationMs":72,"orgId":null,"userId":1,"errorCode":null}}
{"timestamp":"2026-07-29T10:56:21.361Z","level":"info","message":"HTTP request completed","meta":{"requestId":"f38fd203-9986-4df5-8b40-22e992501257","method":"GET","route":"/api/inventory","status":200,"durationMs":85,"orgId":null,"userId":1,"errorCode":null}}
{"timestamp":"2026-07-29T10:56:21.530Z","level":"info","message":"HTTP request completed","meta":{"requestId":"48b0c963-4487-46a5-9297-f36d1a5040a0","method":"GET","route":"/api/notifications","status":200,"durationMs":19,"orgId":null,"userId":1,"errorCode":null}}
[SETUP_STATUS] summary requestId=9edb5639-0b7f-4570-bdcf-ed8379ca68c9 userId=1 orgId=1 health=ok firstCode=OK criticalCount=0 warningCount=0
{"timestamp":"2026-07-29T10:56:21.563Z","level":"info","message":"HTTP request completed","meta":{"requestId":"9edb5639-0b7f-4570-bdcf-ed8379ca68c9","method":"GET","route":"/api/setup/status","status":200,"durationMs":53,"orgId":null,"userId":1,"errorCode":null}}
{"timestamp":"2026-07-29T10:56:21.975Z","level":"info","message":"HTTP request completed","meta":{"requestId":"e12e648e-d355-41cc-80d7-25f5bb82f900","method":"GET","route":"/api/diagnostics/findings","status":200,"durationMs":37,"orgId":null,"userId":1,"errorCode":null}}
{"timestamp":"2026-07-29T10:56:22.245Z","level":"info","message":"HTTP request completed","meta":{"requestId":"23d620ff-00a3-4ba5-80b3-cebd0727f95a","method":"GET","route":"/api/diagnostics/summary","status":200,"durationMs":307,"orgId":null,"userId":1,"errorCode":null}}
{"timestamp":"2026-07-29T10:56:23.190Z","level":"info","message":"HTTP request completed","meta":{"requestId":"36fca8c5-081a-4b52-9b9b-0a2f9850adcf","method":"GET","route":"/api/csrf-token","status":200,"durationMs":25,"orgId":null,"userId":1,"errorCode":null}}
{"timestamp":"2026-07-29T10:56:23.262Z","level":"info","message":"HTTP request completed","meta":{"requestId":"43774499-f496-4ac4-ac4a-53d0982acfc9","method":"POST","route":"/api/diagnostics/probes/run","status":200,"durationMs":54,"orgId":null,"userId":1,"errorCode":null}}
{"timestamp":"2026-07-29T10:56:23.309Z","level":"info","message":"HTTP request completed","meta":{"requestId":"016fd8fb-ddcd-461e-a6f8-4b027a19ae30","method":"GET","route":"/api/diagnostics/summary","status":200,"durationMs":40,"orgId":null,"userId":1,"errorCode":null}}
{"timestamp":"2026-07-29T10:56:23.326Z","level":"info","message":"HTTP request completed","meta":{"requestId":"f0412a80-aac9-4701-8e96-c3ebd3372075","method":"GET","route":"/api/diagnostics/findings","status":200,"durationMs":58,"orgId":null,"userId":1,"errorCode":null}}
{"timestamp":"2026-07-29T10:56:23.764Z","level":"info","message":"HTTP request completed","meta":{"requestId":"54256462-202f-421c-bcb6-cfe6fc9ea246","method":"GET","route":"/api/diagnostics/findings","status":200,"durationMs":42,"orgId":null,"userId":1,"errorCode":null}}
{"timestamp":"2026-07-29T10:56:24.018Z","level":"info","message":"HTTP request completed","meta":{"requestId":"2dd8776b-794b-4d21-9652-204c68863884","method":"GET","route":"/api/diagnostics/findings","status":200,"durationMs":37,"orgId":null,"userId":1,"errorCode":null}}
{"timestamp":"2026-07-29T10:56:24.541Z","level":"info","message":"HTTP request completed","meta":{"requestId":"29f19b70-b36a-437c-a5bd-65d59ce054f4","method":"GET","route":"/api/diagnostics/findings","status":200,"durationMs":318,"orgId":null,"userId":1,"errorCode":null}}
{"timestamp":"2026-07-29T10:56:26.695Z","level":"info","message":"HTTP request completed","meta":{"requestId":"809c2e10-ea59-4a04-9953-4c398c69776b","method":"GET","route":"/api/ready","status":200,"durationMs":8,"orgId":null,"userId":null,"errorCode":null}}
{"timestamp":"2026-07-29T10:56:26.701Z","level":"info","message":"HTTP request completed","meta":{"requestId":"21e57252-3ca4-4309-bb1e-06c6fd1bb54a","method":"GET","route":"/api/user","status":401,"durationMs":1,"orgId":null,"userId":null,"errorCode":null}}
{"timestamp":"2026-07-29T10:56:27.046Z","level":"info","message":"HTTP request completed","meta":{"requestId":"85287446-9641-4a17-a14a-cf8d0a87a18f","method":"GET","route":"/api/csrf-token","status":200,"durationMs":4,"orgId":null,"userId":null,"errorCode":null}}
{"timestamp":"2026-07-29T10:56:27.174Z","level":"info","message":"HTTP request completed","meta":{"requestId":"c7e9b5b3-9543-4f78-9e49-95edb3d2d1a8","method":"POST","route":"/api/login","status":200,"durationMs":106,"orgId":null,"userId":267,"errorCode":null}}
{"timestamp":"2026-07-29T10:56:27.196Z","level":"info","message":"HTTP request completed","meta":{"requestId":"f7634859-32c1-4f8e-8f98-82f203e13801","method":"GET","route":"/api/ready","status":200,"durationMs":16,"orgId":null,"userId":267,"errorCode":null}}
{"timestamp":"2026-07-29T10:56:27.297Z","level":"info","message":"HTTP request completed","meta":{"requestId":"32113f73-2594-40dc-9b4c-8e96d0f77f66","method":"GET","route":"/api/release-scope","status":200,"durationMs":20,"orgId":null,"userId":267,"errorCode":null}}
{"timestamp":"2026-07-29T10:56:27.346Z","level":"info","message":"HTTP request completed","meta":{"requestId":"c6200abc-ce29-4040-bd30-4c7815e1d6a7","method":"GET","route":"/api/notifications","status":200,"durationMs":64,"orgId":null,"userId":267,"errorCode":null}}
{"timestamp":"2026-07-29T10:56:27.355Z","level":"info","message":"HTTP request completed","meta":{"requestId":"773871eb-ae77-4740-a10e-80948afaef26","method":"GET","route":"/api/suppliers","status":200,"durationMs":72,"orgId":null,"userId":267,"errorCode":null}}
{"timestamp":"2026-07-29T10:56:27.379Z","level":"info","message":"HTTP request completed","meta":{"requestId":"490e3b96-3390-4b2c-8120-ba44a0011ce4","method":"GET","route":"/api/inventory","status":200,"durationMs":96,"orgId":null,"userId":267,"errorCode":null}}
[SETUP_STATUS] summary requestId=bd27673f-ec61-4713-94e4-17d7fbebc981 userId=267 orgId=1 health=ok firstCode=OK criticalCount=0 warningCount=0
{"timestamp":"2026-07-29T10:56:27.399Z","level":"info","message":"HTTP request completed","meta":{"requestId":"bd27673f-ec61-4713-94e4-17d7fbebc981","method":"GET","route":"/api/setup/status","status":200,"durationMs":123,"orgId":null,"userId":267,"errorCode":null}}
{"timestamp":"2026-07-29T10:56:28.409Z","level":"info","message":"HTTP request completed","meta":{"requestId":"1f4704c5-607e-4611-8994-98cf4e870399","method":"GET","route":"/api/ready","status":200,"durationMs":10,"orgId":null,"userId":267,"errorCode":null}}
{"timestamp":"2026-07-29T10:56:28.433Z","level":"info","message":"HTTP request completed","meta":{"requestId":"58c117a2-29ce-434a-8a41-60f2f8d25e9d","method":"GET","route":"/api/release-scope","status":200,"durationMs":21,"orgId":null,"userId":267,"errorCode":null}}
{"timestamp":"2026-07-29T10:56:28.436Z","level":"info","message":"HTTP request completed","meta":{"requestId":"52a99044-c730-4a42-8618-22dd35a420fd","method":"GET","route":"/api/user","status":200,"durationMs":17,"orgId":null,"userId":267,"errorCode":null}}
{"timestamp":"2026-07-29T10:56:28.517Z","level":"info","message":"HTTP request completed","meta":{"requestId":"c4abd2fe-aa1f-4c92-bbe8-ab571cf63958","method":"GET","route":"/api/suppliers","status":200,"durationMs":104,"orgId":null,"userId":267,"errorCode":null}}
{"timestamp":"2026-07-29T10:56:28.531Z","level":"info","message":"HTTP request completed","meta":{"requestId":"ee84f752-0cb0-4d74-9186-45e3fcbb6db6","method":"GET","route":"/api/inventory","status":200,"durationMs":114,"orgId":null,"userId":267,"errorCode":null}}
{"timestamp":"2026-07-29T10:56:28.674Z","level":"info","message":"HTTP request completed","meta":{"requestId":"0b2fa9bf-5741-4fee-82c4-e0b730c97b87","method":"GET","route":"/api/notifications","status":200,"durationMs":15,"orgId":null,"userId":267,"errorCode":null}}
[SETUP_STATUS] summary requestId=15b88520-7055-4f63-9c3c-5e3086c978b3 userId=267 orgId=1 health=ok firstCode=OK criticalCount=0 warningCount=0
{"timestamp":"2026-07-29T10:56:28.708Z","level":"info","message":"HTTP request completed","meta":{"requestId":"15b88520-7055-4f63-9c3c-5e3086c978b3","method":"GET","route":"/api/setup/status","status":200,"durationMs":50,"orgId":null,"userId":267,"errorCode":null}}
{"timestamp":"2026-07-29T10:56:29.093Z","level":"info","message":"HTTP request completed","meta":{"requestId":"396ba024-6003-48b0-a0cd-0e186ad9dd54","method":"GET","route":"/api/diagnostics/findings","status":403,"durationMs":18,"orgId":null,"userId":267,"errorCode":null}}
{"timestamp":"2026-07-29T10:56:29.094Z","level":"info","message":"HTTP request completed","meta":{"requestId":"b287ca67-dd2a-498d-b192-cdc2d3c1d254","method":"GET","route":"/api/diagnostics/summary","status":403,"durationMs":18,"orgId":null,"userId":267,"errorCode":null}}
{"timestamp":"2026-07-29T10:56:30.150Z","level":"info","message":"HTTP request completed","meta":{"requestId":"ddcd7aac-5377-4186-b89c-8efb365287ea","method":"GET","route":"/api/ready","status":200,"durationMs":3,"orgId":null,"userId":null,"errorCode":null}}
{"timestamp":"2026-07-29T10:56:30.170Z","level":"info","message":"HTTP request completed","meta":{"requestId":"6d8fdf29-e4e8-4d61-ad3a-f6fd04394e56","method":"GET","route":"/api/csrf-token","status":200,"durationMs":2,"orgId":null,"userId":null,"errorCode":null}}
{"timestamp":"2026-07-29T10:56:30.284Z","level":"info","message":"HTTP request completed","meta":{"requestId":"56eaeb9c-207b-47f7-ac3f-6db6a803aa31","method":"POST","route":"/api/auth/login","status":200,"durationMs":95,"orgId":null,"userId":1,"errorCode":null}}
{"timestamp":"2026-07-29T10:56:30.296Z","level":"info","message":"HTTP request completed","meta":{"requestId":"9cf4b1a4-f63c-494e-a9b3-0eb2a9f0a7ad","method":"GET","route":"/api/csrf-token","status":200,"durationMs":8,"orgId":null,"userId":1,"errorCode":null}}
{"timestamp":"2026-07-29T10:56:30.397Z","level":"info","message":"HTTP request completed","meta":{"requestId":"131e069b-cbc0-4389-bc1a-ede15b4bc8c9","method":"POST","route":"/api/purchase-requisitions","status":201,"durationMs":98,"orgId":null,"userId":1,"errorCode":null}}
{"timestamp":"2026-07-29T10:56:30.409Z","level":"info","message":"HTTP request completed","meta":{"requestId":"9f5b6daf-76d3-4581-86fd-b8e609543984","method":"GET","route":"/api/csrf-token","status":200,"durationMs":9,"orgId":null,"userId":1,"errorCode":null}}
{"timestamp":"2026-07-29T10:56:30.444Z","level":"info","message":"HTTP request completed","meta":{"requestId":"0f2b0bcb-9a4e-441a-98f8-80162b38579f","method":"POST","route":"/api/purchase-requisitions/1265/approve","status":200,"durationMs":33,"orgId":null,"userId":1,"errorCode":null}}
{"timestamp":"2026-07-29T10:56:30.454Z","level":"info","message":"HTTP request completed","meta":{"requestId":"7d7591f7-b9d0-4a97-969b-6f5b15162620","method":"GET","route":"/api/csrf-token","status":200,"durationMs":7,"orgId":null,"userId":1,"errorCode":null}}
{"timestamp":"2026-07-29T10:56:30.550Z","level":"info","message":"HTTP request completed","meta":{"requestId":"b62f7e8e-45d5-4872-af89-48f3e79a5f16","method":"POST","route":"/api/purchase-requisitions/1265/convert","status":201,"durationMs":93,"orgId":null,"userId":1,"errorCode":null}}
{"timestamp":"2026-07-29T10:56:30.559Z","level":"info","message":"HTTP request completed","meta":{"requestId":"4c91ffa7-1c9e-4531-89ac-51078d457811","method":"GET","route":"/api/csrf-token","status":200,"durationMs":6,"orgId":null,"userId":1,"errorCode":null}}
{"timestamp":"2026-07-29T10:56:30.599Z","level":"info","message":"HTTP request completed","meta":{"requestId":"12abd7ec-76db-4708-82e1-c0f810e9b918","method":"POST","route":"/api/purchase-requisitions","status":201,"durationMs":38,"orgId":null,"userId":1,"errorCode":null}}
{"timestamp":"2026-07-29T10:56:30.608Z","level":"info","message":"HTTP request completed","meta":{"requestId":"033415c9-119b-4afa-af51-1507091da714","method":"GET","route":"/api/csrf-token","status":200,"durationMs":8,"orgId":null,"userId":1,"errorCode":null}}
{"timestamp":"2026-07-29T10:56:30.630Z","level":"info","message":"HTTP request completed","meta":{"requestId":"58bae1c7-3aff-4dc7-b22d-fd161984c80b","method":"POST","route":"/api/purchase-requisitions/1266/approve","status":200,"durationMs":20,"orgId":null,"userId":1,"errorCode":null}}
{"timestamp":"2026-07-29T10:56:30.639Z","level":"info","message":"HTTP request completed","meta":{"requestId":"e9f84c34-6a44-4dec-85d7-946c400447ce","method":"GET","route":"/api/csrf-token","status":200,"durationMs":7,"orgId":null,"userId":1,"errorCode":null}}
{"timestamp":"2026-07-29T10:56:30.687Z","level":"info","message":"HTTP request completed","meta":{"requestId":"8442fb41-ccfe-4857-8adb-1102a03585bb","method":"POST","route":"/api/purchase-requisitions/1266/convert","status":201,"durationMs":45,"orgId":null,"userId":1,"errorCode":null}}
{"timestamp":"2026-07-29T10:56:30.704Z","level":"info","message":"HTTP request completed","meta":{"requestId":"df1cf80a-7717-421a-bf3f-cf7b0d04e636","method":"GET","route":"/api/csrf-token","status":200,"durationMs":16,"orgId":null,"userId":1,"errorCode":null}}
{"timestamp":"2026-07-29T10:56:30.744Z","level":"info","message":"HTTP request completed","meta":{"requestId":"1fdf5990-90cf-4da9-b5d7-345a93b7cdce","method":"POST","route":"/api/purchase-requisitions","status":201,"durationMs":38,"orgId":null,"userId":1,"errorCode":null}}
{"timestamp":"2026-07-29T10:56:30.752Z","level":"info","message":"HTTP request completed","meta":{"requestId":"48d0d617-ca98-4591-bc0b-d41529527f31","method":"GET","route":"/api/csrf-token","status":200,"durationMs":7,"orgId":null,"userId":1,"errorCode":null}}
{"timestamp":"2026-07-29T10:56:30.773Z","level":"info","message":"HTTP request completed","meta":{"requestId":"3df0a175-329c-495a-ab9a-1f5318ec9b26","method":"POST","route":"/api/purchase-requisitions/1267/approve","status":200,"durationMs":19,"orgId":null,"userId":1,"errorCode":null}}
{"timestamp":"2026-07-29T10:56:30.784Z","level":"info","message":"HTTP request completed","meta":{"requestId":"fc6c492a-0318-491f-bbfa-c87769ca8477","method":"GET","route":"/api/csrf-token","status":200,"durationMs":8,"orgId":null,"userId":1,"errorCode":null}}
{"timestamp":"2026-07-29T10:56:30.826Z","level":"info","message":"HTTP request completed","meta":{"requestId":"febc45c1-492c-493a-80d5-eb12293f6868","method":"POST","route":"/api/purchase-requisitions/1267/convert","status":201,"durationMs":41,"orgId":null,"userId":1,"errorCode":null}}
{"timestamp":"2026-07-29T10:56:30.839Z","level":"info","message":"HTTP request completed","meta":{"requestId":"75776ce0-4dae-4636-acba-4ad96b62628e","method":"GET","route":"/api/csrf-token","status":200,"durationMs":10,"orgId":null,"userId":1,"errorCode":null}}
{"timestamp":"2026-07-29T10:56:30.878Z","level":"info","message":"HTTP request completed","meta":{"requestId":"cdab6a45-1962-46b0-b823-eb8dac4b43ef","method":"POST","route":"/api/purchase-requisitions","status":201,"durationMs":37,"orgId":null,"userId":1,"errorCode":null}}
{"timestamp":"2026-07-29T10:56:30.887Z","level":"info","message":"HTTP request completed","meta":{"requestId":"c5216fd4-534d-4c13-9fbe-85d7340d69f7","method":"GET","route":"/api/csrf-token","status":200,"durationMs":8,"orgId":null,"userId":1,"errorCode":null}}
{"timestamp":"2026-07-29T10:56:30.907Z","level":"info","message":"HTTP request completed","meta":{"requestId":"deb4e97d-fadc-4c4e-9740-067e91051ce7","method":"POST","route":"/api/purchase-requisitions/1268/approve","status":200,"durationMs":18,"orgId":null,"userId":1,"errorCode":null}}
{"timestamp":"2026-07-29T10:56:30.916Z","level":"info","message":"HTTP request completed","meta":{"requestId":"8ee5ab34-9b23-4e17-bebd-1a5218e59dc5","method":"GET","route":"/api/csrf-token","status":200,"durationMs":7,"orgId":null,"userId":1,"errorCode":null}}
{"timestamp":"2026-07-29T10:56:30.959Z","level":"info","message":"HTTP request completed","meta":{"requestId":"39eb3725-399e-4bda-a3c3-7b7990ca17c9","method":"POST","route":"/api/purchase-requisitions/1268/convert","status":201,"durationMs":41,"orgId":null,"userId":1,"errorCode":null}}
{"timestamp":"2026-07-29T10:56:30.971Z","level":"info","message":"HTTP request completed","meta":{"requestId":"fac81421-58b4-43ad-a1d2-ec6196595f07","method":"GET","route":"/api/csrf-token","status":200,"durationMs":10,"orgId":null,"userId":1,"errorCode":null}}
{"timestamp":"2026-07-29T10:56:31.008Z","level":"info","message":"HTTP request completed","meta":{"requestId":"b421c85b-2686-4d63-ae8c-7348cf1648d8","method":"POST","route":"/api/purchase-requisitions","status":201,"durationMs":36,"orgId":null,"userId":1,"errorCode":null}}
{"timestamp":"2026-07-29T10:56:31.016Z","level":"info","message":"HTTP request completed","meta":{"requestId":"bbc6fab4-c9d0-41f0-8592-b7931001707d","method":"GET","route":"/api/csrf-token","status":200,"durationMs":7,"orgId":null,"userId":1,"errorCode":null}}
{"timestamp":"2026-07-29T10:56:31.037Z","level":"info","message":"HTTP request completed","meta":{"requestId":"18618a68-46e7-4aa9-9a6f-68323db17752","method":"POST","route":"/api/purchase-requisitions/1269/approve","status":200,"durationMs":19,"orgId":null,"userId":1,"errorCode":null}}
{"timestamp":"2026-07-29T10:56:31.045Z","level":"info","message":"HTTP request completed","meta":{"requestId":"3a190400-241d-40eb-b41d-d12897ade604","method":"GET","route":"/api/csrf-token","status":200,"durationMs":7,"orgId":null,"userId":1,"errorCode":null}}
{"timestamp":"2026-07-29T10:56:31.087Z","level":"info","message":"HTTP request completed","meta":{"requestId":"f48d6f8a-ec82-464e-895d-34340ceaa97d","method":"POST","route":"/api/purchase-requisitions/1269/convert","status":201,"durationMs":40,"orgId":null,"userId":1,"errorCode":null}}
{"timestamp":"2026-07-29T10:56:31.098Z","level":"info","message":"HTTP request completed","meta":{"requestId":"095c8e06-c92b-42d5-ad90-a70bdc84e4ed","method":"GET","route":"/api/csrf-token","status":200,"durationMs":10,"orgId":null,"userId":1,"errorCode":null}}
{"timestamp":"2026-07-29T10:56:31.137Z","level":"info","message":"HTTP request completed","meta":{"requestId":"0d65954d-02fb-49b3-9ea4-5e133f7e00e6","method":"POST","route":"/api/purchase-requisitions","status":201,"durationMs":37,"orgId":null,"userId":1,"errorCode":null}}
{"timestamp":"2026-07-29T10:56:31.145Z","level":"info","message":"HTTP request completed","meta":{"requestId":"685b5442-a05e-41df-9ac5-8a241bdd6b2c","method":"GET","route":"/api/csrf-token","status":200,"durationMs":7,"orgId":null,"userId":1,"errorCode":null}}
{"timestamp":"2026-07-29T10:56:31.167Z","level":"info","message":"HTTP request completed","meta":{"requestId":"33c4d47c-cda5-4c98-acaa-6d833837811b","method":"POST","route":"/api/purchase-requisitions/1270/approve","status":200,"durationMs":20,"orgId":null,"userId":1,"errorCode":null}}
{"timestamp":"2026-07-29T10:56:31.177Z","level":"info","message":"HTTP request completed","meta":{"requestId":"de2c9521-75b8-4ee5-a0b1-b875318562c9","method":"GET","route":"/api/csrf-token","status":200,"durationMs":8,"orgId":null,"userId":1,"errorCode":null}}
{"timestamp":"2026-07-29T10:56:31.219Z","level":"info","message":"HTTP request completed","meta":{"requestId":"96040cc3-6e92-4c12-8748-503023c21e2f","method":"POST","route":"/api/purchase-requisitions/1270/convert","status":201,"durationMs":40,"orgId":null,"userId":1,"errorCode":null}}
{"timestamp":"2026-07-29T10:56:31.228Z","level":"info","message":"HTTP request completed","meta":{"requestId":"9fec9366-a3f2-41cf-8539-6ec91fcbe8e2","method":"GET","route":"/api/csrf-token","status":200,"durationMs":7,"orgId":null,"userId":1,"errorCode":null}}
{"timestamp":"2026-07-29T10:56:31.271Z","level":"info","message":"HTTP request completed","meta":{"requestId":"8716627a-b4ad-4174-bd14-730788b333bb","method":"POST","route":"/api/purchase-requisitions","status":201,"durationMs":41,"orgId":null,"userId":1,"errorCode":null}}
{"timestamp":"2026-07-29T10:56:31.279Z","level":"info","message":"HTTP request completed","meta":{"requestId":"4755089b-9c40-4e82-a187-9baee8c01a96","method":"GET","route":"/api/csrf-token","status":200,"durationMs":7,"orgId":null,"userId":1,"errorCode":null}}
{"timestamp":"2026-07-29T10:56:31.301Z","level":"info","message":"HTTP request completed","meta":{"requestId":"074e43f2-5c1f-456c-ba41-03ccec53a234","method":"POST","route":"/api/purchase-requisitions/1271/approve","status":200,"durationMs":21,"orgId":null,"userId":1,"errorCode":null}}
{"timestamp":"2026-07-29T10:56:31.310Z","level":"info","message":"HTTP request completed","meta":{"requestId":"f210861c-176e-4cef-8443-d3df6f43546c","method":"GET","route":"/api/csrf-token","status":200,"durationMs":8,"orgId":null,"userId":1,"errorCode":null}}
{"timestamp":"2026-07-29T10:56:31.354Z","level":"info","message":"HTTP request completed","meta":{"requestId":"6c97e507-be26-494f-8aa4-615112e75f48","method":"POST","route":"/api/purchase-requisitions/1271/convert","status":201,"durationMs":41,"orgId":null,"userId":1,"errorCode":null}}
{"timestamp":"2026-07-29T10:56:31.363Z","level":"info","message":"HTTP request completed","meta":{"requestId":"0a202a0b-a242-470b-b9e6-cf49a2279f41","method":"GET","route":"/api/csrf-token","status":200,"durationMs":8,"orgId":null,"userId":1,"errorCode":null}}
{"timestamp":"2026-07-29T10:56:31.400Z","level":"info","message":"HTTP request completed","meta":{"requestId":"b1b63d66-d465-4d31-b873-b1feea13fb93","method":"POST","route":"/api/purchase-requisitions","status":201,"durationMs":35,"orgId":null,"userId":1,"errorCode":null}}
{"timestamp":"2026-07-29T10:56:31.410Z","level":"info","message":"HTTP request completed","meta":{"requestId":"45a8c9ec-ad7f-4926-91f9-99e9a6502d76","method":"GET","route":"/api/csrf-token","status":200,"durationMs":8,"orgId":null,"userId":1,"errorCode":null}}
{"timestamp":"2026-07-29T10:56:31.433Z","level":"info","message":"HTTP request completed","meta":{"requestId":"83a736b2-2dd0-428f-825d-e69d348bcae6","method":"POST","route":"/api/purchase-requisitions/1272/approve","status":200,"durationMs":21,"orgId":null,"userId":1,"errorCode":null}}
{"timestamp":"2026-07-29T10:56:31.443Z","level":"info","message":"HTTP request completed","meta":{"requestId":"3407563a-dadc-4dda-bb1c-0011355fff91","method":"GET","route":"/api/csrf-token","status":200,"durationMs":8,"orgId":null,"userId":1,"errorCode":null}}
{"timestamp":"2026-07-29T10:56:31.486Z","level":"info","message":"HTTP request completed","meta":{"requestId":"fa19e900-6c4c-4a1f-907f-135355605a0f","method":"POST","route":"/api/purchase-requisitions/1272/convert","status":201,"durationMs":40,"orgId":null,"userId":1,"errorCode":null}}
{"timestamp":"2026-07-29T10:56:31.497Z","level":"info","message":"HTTP request completed","meta":{"requestId":"bea6fc20-ae68-432b-965f-fba845098496","method":"GET","route":"/api/csrf-token","status":200,"durationMs":9,"orgId":null,"userId":1,"errorCode":null}}
{"timestamp":"2026-07-29T10:56:31.535Z","level":"info","message":"HTTP request completed","meta":{"requestId":"df9e5725-c8eb-4093-b540-db65439e471f","method":"POST","route":"/api/purchase-requisitions","status":201,"durationMs":37,"orgId":null,"userId":1,"errorCode":null}}
{"timestamp":"2026-07-29T10:56:31.544Z","level":"info","message":"HTTP request completed","meta":{"requestId":"af1ae138-0d71-4306-b018-84e091adb561","method":"GET","route":"/api/csrf-token","status":200,"durationMs":8,"orgId":null,"userId":1,"errorCode":null}}
{"timestamp":"2026-07-29T10:56:31.565Z","level":"info","message":"HTTP request completed","meta":{"requestId":"e7885c57-8ec0-4e82-9811-20a2dede9e6a","method":"POST","route":"/api/purchase-requisitions/1273/approve","status":200,"durationMs":20,"orgId":null,"userId":1,"errorCode":null}}
{"timestamp":"2026-07-29T10:56:31.573Z","level":"info","message":"HTTP request completed","meta":{"requestId":"d6be13ca-f123-4bad-8abb-82625744c60b","method":"GET","route":"/api/csrf-token","status":200,"durationMs":6,"orgId":null,"userId":1,"errorCode":null}}
{"timestamp":"2026-07-29T10:56:31.617Z","level":"info","message":"HTTP request completed","meta":{"requestId":"0af0ae16-5628-4183-9328-4506352392bd","method":"POST","route":"/api/purchase-requisitions/1273/convert","status":201,"durationMs":39,"orgId":null,"userId":1,"errorCode":null}}
{"timestamp":"2026-07-29T10:56:31.626Z","level":"info","message":"HTTP request completed","meta":{"requestId":"9229c484-4ec3-4765-a97e-e0218a220dac","method":"GET","route":"/api/csrf-token","status":200,"durationMs":7,"orgId":null,"userId":1,"errorCode":null}}
{"timestamp":"2026-07-29T10:56:31.664Z","level":"info","message":"HTTP request completed","meta":{"requestId":"5bf862c2-e4e0-4eeb-a59e-1bc982eca887","method":"POST","route":"/api/purchase-requisitions","status":201,"durationMs":37,"orgId":null,"userId":1,"errorCode":null}}
{"timestamp":"2026-07-29T10:56:31.673Z","level":"info","message":"HTTP request completed","meta":{"requestId":"c92faa67-f96b-4962-ac35-c30bbdf88461","method":"GET","route":"/api/csrf-token","status":200,"durationMs":8,"orgId":null,"userId":1,"errorCode":null}}
{"timestamp":"2026-07-29T10:56:31.693Z","level":"info","message":"HTTP request completed","meta":{"requestId":"39e3ec14-9359-458c-b6d7-7850dc314048","method":"POST","route":"/api/purchase-requisitions/1274/approve","status":200,"durationMs":18,"orgId":null,"userId":1,"errorCode":null}}
{"timestamp":"2026-07-29T10:56:31.725Z","level":"info","message":"HTTP request completed","meta":{"requestId":"aee09578-5cc1-451b-942b-23203b302a61","method":"GET","route":"/api/csrf-token","status":200,"durationMs":31,"orgId":null,"userId":1,"errorCode":null}}
{"timestamp":"2026-07-29T10:56:31.769Z","level":"info","message":"HTTP request completed","meta":{"requestId":"ebca32a5-d976-47fd-a74a-83afd8a96c46","method":"POST","route":"/api/purchase-requisitions/1274/convert","status":201,"durationMs":42,"orgId":null,"userId":1,"errorCode":null}}
{"timestamp":"2026-07-29T10:56:31.779Z","level":"info","message":"HTTP request completed","meta":{"requestId":"684ed667-e698-45a3-a693-4f292526bb60","method":"GET","route":"/api/csrf-token","status":200,"durationMs":9,"orgId":null,"userId":1,"errorCode":null}}
{"timestamp":"2026-07-29T10:56:31.816Z","level":"info","message":"HTTP request completed","meta":{"requestId":"871e2f43-d403-4422-86d4-4b02b3b915c4","method":"POST","route":"/api/purchase-requisitions","status":201,"durationMs":35,"orgId":null,"userId":1,"errorCode":null}}
{"timestamp":"2026-07-29T10:56:31.824Z","level":"info","message":"HTTP request completed","meta":{"requestId":"e436737f-d6a2-4f89-9832-9cdeec6a4a1f","method":"GET","route":"/api/csrf-token","status":200,"durationMs":7,"orgId":null,"userId":1,"errorCode":null}}
{"timestamp":"2026-07-29T10:56:31.846Z","level":"info","message":"HTTP request completed","meta":{"requestId":"6124ec14-4f89-4f49-af66-fba95be1f588","method":"POST","route":"/api/purchase-requisitions/1275/approve","status":200,"durationMs":21,"orgId":null,"userId":1,"errorCode":null}}
{"timestamp":"2026-07-29T10:56:31.854Z","level":"info","message":"HTTP request completed","meta":{"requestId":"0b7a5f14-a8d6-47a1-be09-84dac076e358","method":"GET","route":"/api/csrf-token","status":200,"durationMs":7,"orgId":null,"userId":1,"errorCode":null}}
{"timestamp":"2026-07-29T10:56:31.901Z","level":"info","message":"HTTP request completed","meta":{"requestId":"d6e4cb23-c03d-4060-b129-383445385cbe","method":"POST","route":"/api/purchase-requisitions/1275/convert","status":201,"durationMs":45,"orgId":null,"userId":1,"errorCode":null}}
{"timestamp":"2026-07-29T10:56:31.911Z","level":"info","message":"HTTP request completed","meta":{"requestId":"83030f94-5d5c-44c8-895a-deadf8da08f6","method":"GET","route":"/api/csrf-token","status":200,"durationMs":8,"orgId":null,"userId":1,"errorCode":null}}
{"timestamp":"2026-07-29T10:56:31.953Z","level":"info","message":"HTTP request completed","meta":{"requestId":"9a611793-77d3-44fa-900c-608ab29e4a11","method":"POST","route":"/api/purchase-requisitions","status":201,"durationMs":40,"orgId":null,"userId":1,"errorCode":null}}
{"timestamp":"2026-07-29T10:56:31.961Z","level":"info","message":"HTTP request completed","meta":{"requestId":"493e5fc2-c3c0-4d7d-b7a3-064a8b32d5aa","method":"GET","route":"/api/csrf-token","status":200,"durationMs":7,"orgId":null,"userId":1,"errorCode":null}}
{"timestamp":"2026-07-29T10:56:31.982Z","level":"info","message":"HTTP request completed","meta":{"requestId":"8b20f3a8-d9ec-4111-98f7-781ec8ee7e91","method":"POST","route":"/api/purchase-requisitions/1276/approve","status":200,"durationMs":19,"orgId":null,"userId":1,"errorCode":null}}
{"timestamp":"2026-07-29T10:56:31.991Z","level":"info","message":"HTTP request completed","meta":{"requestId":"760c4ac1-5242-47b6-9592-e0c06672bd6d","method":"GET","route":"/api/csrf-token","status":200,"durationMs":8,"orgId":null,"userId":1,"errorCode":null}}
{"timestamp":"2026-07-29T10:56:32.035Z","level":"info","message":"HTTP request completed","meta":{"requestId":"5a6266b0-594a-42dd-9e1b-2172ef92be14","method":"POST","route":"/api/purchase-requisitions/1276/convert","status":201,"durationMs":40,"orgId":null,"userId":1,"errorCode":null}}
{"timestamp":"2026-07-29T10:56:32.042Z","level":"info","message":"HTTP request completed","meta":{"requestId":"fdf5ce2a-723f-47e7-b5ac-bf374e7f9509","method":"GET","route":"/api/csrf-token","status":200,"durationMs":6,"orgId":null,"userId":1,"errorCode":null}}
{"timestamp":"2026-07-29T10:56:32.077Z","level":"info","message":"HTTP request completed","meta":{"requestId":"3d1de995-75ef-4490-a49d-16e93087232d","method":"POST","route":"/api/purchase-requisitions","status":201,"durationMs":33,"orgId":null,"userId":1,"errorCode":null}}
{"timestamp":"2026-07-29T10:56:32.086Z","level":"info","message":"HTTP request completed","meta":{"requestId":"60e504fb-a34c-400b-92b0-cf1439ef160d","method":"GET","route":"/api/csrf-token","status":200,"durationMs":8,"orgId":null,"userId":1,"errorCode":null}}
{"timestamp":"2026-07-29T10:56:32.106Z","level":"info","message":"HTTP request completed","meta":{"requestId":"5d96d02d-98ea-431f-adc1-456d00d7b373","method":"POST","route":"/api/purchase-requisitions/1277/approve","status":200,"durationMs":19,"orgId":null,"userId":1,"errorCode":null}}
{"timestamp":"2026-07-29T10:56:32.115Z","level":"info","message":"HTTP request completed","meta":{"requestId":"50d7d26c-e0ed-4863-b813-425fd8e79429","method":"GET","route":"/api/csrf-token","status":200,"durationMs":8,"orgId":null,"userId":1,"errorCode":null}}
{"timestamp":"2026-07-29T10:56:32.158Z","level":"info","message":"HTTP request completed","meta":{"requestId":"eabf3ea7-af78-4637-969e-b18a55b81075","method":"POST","route":"/api/purchase-requisitions/1277/convert","status":201,"durationMs":41,"orgId":null,"userId":1,"errorCode":null}}
{"timestamp":"2026-07-29T10:56:35.531Z","level":"info","message":"HTTP request completed","meta":{"requestId":"e7419182-6247-414c-b4c9-fb6428ca4d0b","method":"GET","route":"/api/ready","status":200,"durationMs":4,"orgId":null,"userId":null,"errorCode":null}}
{"timestamp":"2026-07-29T10:56:35.543Z","level":"info","message":"HTTP request completed","meta":{"requestId":"a0918ca9-2208-4bb6-a165-478bcf7e8781","method":"GET","route":"/api/user","status":401,"durationMs":1,"orgId":null,"userId":null,"errorCode":null}}
{"timestamp":"2026-07-29T10:56:36.019Z","level":"info","message":"HTTP request completed","meta":{"requestId":"30a4652f-fc0c-4f8e-b7ad-b13dfc4f6dd0","method":"GET","route":"/api/csrf-token","status":200,"durationMs":5,"orgId":null,"userId":null,"errorCode":null}}
{"timestamp":"2026-07-29T10:56:36.128Z","level":"info","message":"HTTP request completed","meta":{"requestId":"ec0ffb29-6cfa-40bf-aae3-b801027d5777","method":"POST","route":"/api/login","status":200,"durationMs":91,"orgId":null,"userId":1,"errorCode":null}}
{"timestamp":"2026-07-29T10:56:36.147Z","level":"info","message":"HTTP request completed","meta":{"requestId":"65df4b81-f8ea-466e-acfe-7cbd5e74d96c","method":"GET","route":"/api/ready","status":200,"durationMs":12,"orgId":null,"userId":1,"errorCode":null}}
{"timestamp":"2026-07-29T10:56:36.253Z","level":"info","message":"HTTP request completed","meta":{"requestId":"f89efd54-1186-4c90-a0ae-a294f768e63a","method":"GET","route":"/api/release-scope","status":200,"durationMs":17,"orgId":null,"userId":1,"errorCode":null}}
{"timestamp":"2026-07-29T10:56:36.294Z","level":"info","message":"HTTP request completed","meta":{"requestId":"5812d252-4e97-45b2-88e4-5ce956220e17","method":"GET","route":"/api/notifications","status":200,"durationMs":56,"orgId":null,"userId":1,"errorCode":null}}
{"timestamp":"2026-07-29T10:56:36.303Z","level":"info","message":"HTTP request completed","meta":{"requestId":"c5e5f0d9-7294-4c92-9266-14bba629b37b","method":"GET","route":"/api/suppliers","status":200,"durationMs":64,"orgId":null,"userId":1,"errorCode":null}}
[SETUP_STATUS] summary requestId=f23464b8-c960-4072-8ff3-469586c2184f userId=1 orgId=1 health=ok firstCode=OK criticalCount=0 warningCount=0
{"timestamp":"2026-07-29T10:56:36.360Z","level":"info","message":"HTTP request completed","meta":{"requestId":"f23464b8-c960-4072-8ff3-469586c2184f","method":"GET","route":"/api/setup/status","status":200,"durationMs":125,"orgId":null,"userId":1,"errorCode":null}}
{"timestamp":"2026-07-29T10:56:36.386Z","level":"info","message":"HTTP request completed","meta":{"requestId":"f72823ad-b4dc-4cee-871a-ee67b7a4ae69","method":"GET","route":"/api/inventory","status":200,"durationMs":145,"orgId":null,"userId":1,"errorCode":null}}
{"timestamp":"2026-07-29T10:56:37.324Z","level":"info","message":"HTTP request completed","meta":{"requestId":"f4ca13ff-2591-4815-a422-9119b2d7a365","method":"GET","route":"/api/ready","status":200,"durationMs":10,"orgId":null,"userId":1,"errorCode":null}}
{"timestamp":"2026-07-29T10:56:37.350Z","level":"info","message":"HTTP request completed","meta":{"requestId":"b0c48b55-2681-40d9-9784-3fa68f657831","method":"GET","route":"/api/release-scope","status":200,"durationMs":19,"orgId":null,"userId":1,"errorCode":null}}
{"timestamp":"2026-07-29T10:56:37.416Z","level":"info","message":"HTTP request completed","meta":{"requestId":"b9f3ddf4-da4b-4734-9a9e-9878cd36b27b","method":"GET","route":"/api/user","status":200,"durationMs":81,"orgId":null,"userId":1,"errorCode":null}}
{"timestamp":"2026-07-29T10:56:37.421Z","level":"info","message":"HTTP request completed","meta":{"requestId":"873bd834-f45a-4686-9ca4-eeb1b211347f","method":"GET","route":"/api/suppliers","status":200,"durationMs":85,"orgId":null,"userId":1,"errorCode":null}}
{"timestamp":"2026-07-29T10:56:37.448Z","level":"info","message":"HTTP request completed","meta":{"requestId":"af35851b-dbf5-4202-9e26-36cac79a1669","method":"GET","route":"/api/inventory","status":200,"durationMs":113,"orgId":null,"userId":1,"errorCode":null}}
{"timestamp":"2026-07-29T10:56:37.600Z","level":"info","message":"HTTP request completed","meta":{"requestId":"fd023868-2819-42a1-8321-c8c8c54724ae","method":"GET","route":"/api/notifications","status":200,"durationMs":14,"orgId":null,"userId":1,"errorCode":null}}
[SETUP_STATUS] summary requestId=c50656a0-8dea-4831-bd3a-756688125a60 userId=1 orgId=1 health=ok firstCode=OK criticalCount=0 warningCount=0
{"timestamp":"2026-07-29T10:56:37.614Z","level":"info","message":"HTTP request completed","meta":{"requestId":"c50656a0-8dea-4831-bd3a-756688125a60","method":"GET","route":"/api/setup/status","status":200,"durationMs":29,"orgId":null,"userId":1,"errorCode":null}}
{"timestamp":"2026-07-29T10:56:38.493Z","level":"info","message":"HTTP request completed","meta":{"requestId":"275ee908-c6a2-4b74-b336-f1562092f46d","method":"GET","route":"/api/csrf-token","status":200,"durationMs":10,"orgId":null,"userId":1,"errorCode":null}}
{"timestamp":"2026-07-29T10:56:38.586Z","level":"info","message":"HTTP request completed","meta":{"requestId":"88a7b984-96a5-4027-8af6-9612ee81b6bb","method":"GET","route":"/api/settings","status":200,"durationMs":48,"orgId":null,"userId":1,"errorCode":null}}
{"timestamp":"2026-07-29T10:56:38.590Z","level":"info","message":"HTTP request completed","meta":{"requestId":"ac9076da-06f6-490a-a295-cfc541ae61f5","method":"GET","route":"/api/inventory/low-stock","status":200,"durationMs":50,"orgId":null,"userId":1,"errorCode":null}}
{"timestamp":"2026-07-29T10:56:38.683Z","level":"info","message":"HTTP request completed","meta":{"requestId":"4ddda61a-05dc-4514-a8bc-563bacda7d0a","method":"GET","route":"/api/inventory/stats","status":200,"durationMs":135,"orgId":null,"userId":1,"errorCode":null}}
{"timestamp":"2026-07-29T10:56:38.720Z","level":"info","message":"HTTP request completed","meta":{"requestId":"1585b8bb-225f-4686-96d0-aa96b0d47c29","method":"GET","route":"/api/inventory","status":200,"durationMs":181,"orgId":null,"userId":1,"errorCode":null}}
{"timestamp":"2026-07-29T10:56:38.720Z","level":"info","message":"HTTP request completed","meta":{"requestId":"1dd6cf41-ce37-46b0-9b9a-8cab65c766dd","method":"GET","route":"/api/categories","status":200,"durationMs":174,"orgId":null,"userId":1,"errorCode":null}}
{"timestamp":"2026-07-29T10:56:38.721Z","level":"info","message":"HTTP request completed","meta":{"requestId":"7e3c019e-44c4-458f-8bdb-16a91dbc088b","method":"GET","route":"/api/warehouses","status":200,"durationMs":170,"orgId":null,"userId":1,"errorCode":null}}
{"timestamp":"2026-07-29T10:56:38.879Z","level":"info","message":"HTTP request completed","meta":{"requestId":"567f8297-b67d-4a22-bde8-19203c2d01e6","method":"GET","route":"/api/suppliers","status":200,"durationMs":283,"orgId":null,"userId":1,"errorCode":null}}
{"timestamp":"2026-07-29T10:56:38.912Z","level":"info","message":"HTTP request completed","meta":{"requestId":"28de7fa5-944a-4a37-aad7-63a7ea3cf28a","method":"GET","route":"/api/procurement/purchase-orders/records","status":200,"durationMs":273,"orgId":null,"userId":1,"errorCode":null}}
{"timestamp":"2026-07-29T10:56:38.966Z","level":"info","message":"HTTP request completed","meta":{"requestId":"62ea7a20-77f6-479d-8e18-a50f02ab0290","method":"GET","route":"/api/purchase-requisitions","status":200,"durationMs":244,"orgId":null,"userId":1,"errorCode":null}}
{"timestamp":"2026-07-29T10:56:38.989Z","level":"info","message":"HTTP request completed","meta":{"requestId":"cce3592d-cb39-4c23-bef9-385c4480a3a0","method":"GET","route":"/api/reorder-requests","status":200,"durationMs":255,"orgId":null,"userId":1,"errorCode":null}}
{"timestamp":"2026-07-29T10:56:38.995Z","level":"info","message":"HTTP request completed","meta":{"requestId":"7560c5ae-3974-4b2c-89fd-e7c413a5aa4b","method":"GET","route":"/api/extensions/projects","status":200,"durationMs":260,"orgId":null,"userId":1,"errorCode":null}}
{"timestamp":"2026-07-29T10:56:39.173Z","level":"info","message":"HTTP request completed","meta":{"requestId":"13d60e0e-77ff-4514-a057-ef396f1f2e44","method":"POST","route":"/api/reports/preview","status":200,"durationMs":436,"orgId":null,"userId":1,"errorCode":null}}
{"timestamp":"2026-07-29T10:57:09.002Z","level":"info","message":"HTTP request completed","meta":{"requestId":"cb920c0c-a45e-4ca7-969f-c1227958e9d2","method":"GET","route":"/api/ready","status":200,"durationMs":4,"orgId":null,"userId":null,"errorCode":null}}
{"timestamp":"2026-07-29T10:57:09.020Z","level":"info","message":"HTTP request completed","meta":{"requestId":"be22b888-7eec-403c-bd4e-d2b2f7da1594","method":"GET","route":"/api/csrf-token","status":200,"durationMs":5,"orgId":null,"userId":null,"errorCode":null}}
{"timestamp":"2026-07-29T10:57:09.108Z","level":"info","message":"HTTP request completed","meta":{"requestId":"44cd35bb-0850-4952-838f-e9abbf818b3b","method":"POST","route":"/api/auth/login","status":200,"durationMs":79,"orgId":null,"userId":1,"errorCode":null}}
{"timestamp":"2026-07-29T10:57:09.119Z","level":"info","message":"HTTP request completed","meta":{"requestId":"66e33cad-ec15-42a9-b8b5-c268703784f3","method":"GET","route":"/api/csrf-token","status":200,"durationMs":9,"orgId":null,"userId":1,"errorCode":null}}
{"timestamp":"2026-07-29T10:57:09.252Z","level":"info","message":"HTTP request completed","meta":{"requestId":"58bc9bdd-028d-490d-9164-1889a8351e88","method":"POST","route":"/api/reports/preview","status":200,"durationMs":132,"orgId":null,"userId":1,"errorCode":null}}
[2m12:57:31[22m [36m[1m[vite][22m[39m [90m[2m(client)[22m[39m [32mhmr update [39m[2m/src/index.css, /src/pages/reports/procurement-line-report-preview.tsx[22m
{"timestamp":"2026-07-29T10:57:58.962Z","level":"info","message":"HTTP request completed","meta":{"requestId":"253acf66-3655-4bc5-b210-4e6bfcb71cdf","method":"GET","route":"/api/ready","status":200,"durationMs":2,"orgId":null,"userId":null,"errorCode":null}}
{"timestamp":"2026-07-29T10:57:58.971Z","level":"info","message":"HTTP request completed","meta":{"requestId":"6952ff0b-3a8a-4c89-a4cc-78ad3e23d6f1","method":"GET","route":"/api/user","status":401,"durationMs":1,"orgId":null,"userId":null,"errorCode":null}}
{"timestamp":"2026-07-29T10:57:59.218Z","level":"info","message":"HTTP request completed","meta":{"requestId":"90195944-e7dc-4989-aaa5-2bec39b0b79d","method":"GET","route":"/api/csrf-token","status":200,"durationMs":7,"orgId":null,"userId":null,"errorCode":null}}
{"timestamp":"2026-07-29T10:57:59.292Z","level":"info","message":"HTTP request completed","meta":{"requestId":"8fd0ea55-b720-4f6e-a5a8-8f4547769b86","method":"POST","route":"/api/login","status":200,"durationMs":63,"orgId":null,"userId":1,"errorCode":null}}
{"timestamp":"2026-07-29T10:57:59.308Z","level":"info","message":"HTTP request completed","meta":{"requestId":"d119a7f7-ab88-48fa-8039-0ce22edf4a8c","method":"GET","route":"/api/ready","status":200,"durationMs":11,"orgId":null,"userId":1,"errorCode":null}}
{"timestamp":"2026-07-29T10:57:59.386Z","level":"info","message":"HTTP request completed","meta":{"requestId":"05b10634-264d-45b5-a809-d7df824ada44","method":"GET","route":"/api/release-scope","status":200,"durationMs":23,"orgId":null,"userId":1,"errorCode":null}}
[SETUP_STATUS] summary requestId=f5acb24c-40d7-4dc0-9bb5-34b29c894634 userId=1 orgId=1 health=ok firstCode=OK criticalCount=0 warningCount=0
{"timestamp":"2026-07-29T10:57:59.404Z","level":"info","message":"HTTP request completed","meta":{"requestId":"f5acb24c-40d7-4dc0-9bb5-34b29c894634","method":"GET","route":"/api/setup/status","status":200,"durationMs":42,"orgId":null,"userId":1,"errorCode":null}}
{"timestamp":"2026-07-29T10:57:59.521Z","level":"info","message":"HTTP request completed","meta":{"requestId":"d7b2c48d-7b3d-4f09-bae2-adc672886a39","method":"GET","route":"/api/notifications","status":200,"durationMs":155,"orgId":null,"userId":1,"errorCode":null}}
{"timestamp":"2026-07-29T10:57:59.648Z","level":"info","message":"HTTP request completed","meta":{"requestId":"5de8cb22-7a2c-4a4d-88f9-3e6174ede1e9","method":"GET","route":"/api/suppliers","status":200,"durationMs":280,"orgId":null,"userId":1,"errorCode":null}}
{"timestamp":"2026-07-29T10:57:59.675Z","level":"info","message":"HTTP request completed","meta":{"requestId":"4e5563ba-f537-494d-a917-bdcb81b5448b","method":"GET","route":"/api/inventory","status":200,"durationMs":303,"orgId":null,"userId":1,"errorCode":null}}
{"timestamp":"2026-07-29T10:58:00.637Z","level":"info","message":"HTTP request completed","meta":{"requestId":"d7f60ef8-3678-441e-b867-651919bc062f","method":"GET","route":"/api/ready","status":200,"durationMs":12,"orgId":null,"userId":1,"errorCode":null}}
{"timestamp":"2026-07-29T10:58:00.656Z","level":"info","message":"HTTP request completed","meta":{"requestId":"d40e8eac-d836-4ed8-918f-cb4a6abb4544","method":"GET","route":"/api/release-scope","status":200,"durationMs":17,"orgId":null,"userId":1,"errorCode":null}}
{"timestamp":"2026-07-29T10:58:00.659Z","level":"info","message":"HTTP request completed","meta":{"requestId":"808c82fe-2c74-42c1-8028-37263b2b1736","method":"GET","route":"/api/user","status":200,"durationMs":16,"orgId":null,"userId":1,"errorCode":null}}
{"timestamp":"2026-07-29T10:58:00.722Z","level":"info","message":"HTTP request completed","meta":{"requestId":"cb8865ec-8354-4068-92ac-216522e94ca6","method":"GET","route":"/api/suppliers","status":200,"durationMs":82,"orgId":null,"userId":1,"errorCode":null}}
{"timestamp":"2026-07-29T10:58:00.748Z","level":"info","message":"HTTP request completed","meta":{"requestId":"c2305e63-e059-4270-b57c-a78d3847f347","method":"GET","route":"/api/inventory","status":200,"durationMs":107,"orgId":null,"userId":1,"errorCode":null}}
{"timestamp":"2026-07-29T10:58:00.890Z","level":"info","message":"HTTP request completed","meta":{"requestId":"a18ade61-7475-41ae-93a5-c5ffbc2bd7f5","method":"GET","route":"/api/notifications","status":200,"durationMs":14,"orgId":null,"userId":1,"errorCode":null}}
[SETUP_STATUS] summary requestId=064f958e-67bc-485c-a1ee-251d098d620d userId=1 orgId=1 health=ok firstCode=OK criticalCount=0 warningCount=0
{"timestamp":"2026-07-29T10:58:00.928Z","level":"info","message":"HTTP request completed","meta":{"requestId":"064f958e-67bc-485c-a1ee-251d098d620d","method":"GET","route":"/api/setup/status","status":200,"durationMs":53,"orgId":null,"userId":1,"errorCode":null}}
{"timestamp":"2026-07-29T10:58:01.424Z","level":"info","message":"HTTP request completed","meta":{"requestId":"52afdf59-a4ee-4ee3-94da-2890a47dd166","method":"GET","route":"/api/csrf-token","status":200,"durationMs":8,"orgId":null,"userId":1,"errorCode":null}}
{"timestamp":"2026-07-29T10:58:01.518Z","level":"info","message":"HTTP request completed","meta":{"requestId":"0a0ef6d3-0119-415b-a893-7ffa5ebf09be","method":"GET","route":"/api/settings","status":200,"durationMs":43,"orgId":null,"userId":1,"errorCode":null}}
{"timestamp":"2026-07-29T10:58:01.599Z","level":"info","message":"HTTP request completed","meta":{"requestId":"97d36738-20c6-49fb-9d18-df69daa1e30a","method":"GET","route":"/api/categories","status":200,"durationMs":118,"orgId":null,"userId":1,"errorCode":null}}
{"timestamp":"2026-07-29T10:58:01.643Z","level":"info","message":"HTTP request completed","meta":{"requestId":"b7c91efb-fb17-4539-bb91-7caab3ee889e","method":"GET","route":"/api/inventory/low-stock","status":200,"durationMs":163,"orgId":null,"userId":1,"errorCode":null}}
{"timestamp":"2026-07-29T10:58:01.645Z","level":"info","message":"HTTP request completed","meta":{"requestId":"69c1253f-0aad-4fc3-9f19-9f721e7289af","method":"GET","route":"/api/inventory/stats","status":200,"durationMs":162,"orgId":null,"userId":1,"errorCode":null}}
{"timestamp":"2026-07-29T10:58:01.662Z","level":"info","message":"HTTP request completed","meta":{"requestId":"3cbfe26b-fb03-44f3-b014-0c0cff2561a8","method":"GET","route":"/api/warehouses","status":200,"durationMs":177,"orgId":null,"userId":1,"errorCode":null}}
{"timestamp":"2026-07-29T10:58:01.668Z","level":"info","message":"HTTP request completed","meta":{"requestId":"51e9dcb9-c500-47d7-b790-8523b32633be","method":"GET","route":"/api/inventory","status":200,"durationMs":191,"orgId":null,"userId":1,"errorCode":null}}
{"timestamp":"2026-07-29T10:58:01.754Z","level":"info","message":"HTTP request completed","meta":{"requestId":"d9a671f5-56e1-4680-9a71-2c7c31f864fb","method":"GET","route":"/api/suppliers","status":200,"durationMs":162,"orgId":null,"userId":1,"errorCode":null}}
{"timestamp":"2026-07-29T10:58:01.885Z","level":"info","message":"HTTP request completed","meta":{"requestId":"45854e1d-b943-43eb-beb8-f4f3356c4d12","method":"GET","route":"/api/procurement/purchase-orders/records","status":200,"durationMs":236,"orgId":null,"userId":1,"errorCode":null}}
{"timestamp":"2026-07-29T10:58:01.886Z","level":"info","message":"HTTP request completed","meta":{"requestId":"4d55b37f-4b93-4dbe-a8a8-4f58b8395487","method":"GET","route":"/api/reorder-requests","status":200,"durationMs":222,"orgId":null,"userId":1,"errorCode":null}}
{"timestamp":"2026-07-29T10:58:01.902Z","level":"info","message":"HTTP request completed","meta":{"requestId":"b1e80602-13a3-409d-a1ab-c147f25fc105","method":"POST","route":"/api/reports/preview","status":200,"durationMs":228,"orgId":null,"userId":1,"errorCode":null}}
{"timestamp":"2026-07-29T10:58:01.903Z","level":"info","message":"HTTP request completed","meta":{"requestId":"7b90bab6-444c-483b-8bab-fef511fe678d","method":"GET","route":"/api/purchase-requisitions","status":200,"durationMs":240,"orgId":null,"userId":1,"errorCode":null}}
{"timestamp":"2026-07-29T10:58:01.904Z","level":"info","message":"HTTP request completed","meta":{"requestId":"8dcd408b-e98a-4a76-b162-7d0022d6519d","method":"GET","route":"/api/extensions/projects","status":200,"durationMs":236,"orgId":null,"userId":1,"errorCode":null}}
{"timestamp":"2026-07-29T10:58:03.543Z","level":"info","message":"HTTP request completed","meta":{"requestId":"738b7fd4-9cb3-4ea9-908d-f24f1177f52f","method":"POST","route":"/api/reports/preview","status":200,"durationMs":60,"orgId":null,"userId":1,"errorCode":null}}
{"timestamp":"2026-07-29T10:58:03.772Z","level":"info","message":"HTTP request completed","meta":{"requestId":"e9b86227-7246-425b-bbc3-55c0f8548de8","method":"POST","route":"/api/reports/preview","status":200,"durationMs":27,"orgId":null,"userId":1,"errorCode":null}}
{"timestamp":"2026-07-29T10:58:04.832Z","level":"info","message":"HTTP request completed","meta":{"requestId":"795dafba-ba40-424d-9e8f-bfd5a4679cf3","method":"GET","route":"/api/ready","status":200,"durationMs":13,"orgId":null,"userId":1,"errorCode":null}}
{"timestamp":"2026-07-29T10:58:04.843Z","level":"info","message":"HTTP request completed","meta":{"requestId":"4598dce3-46f4-453c-81aa-ba1fe2f638a8","method":"GET","route":"/api/release-scope","status":200,"durationMs":13,"orgId":null,"userId":1,"errorCode":null}}
{"timestamp":"2026-07-29T10:58:04.895Z","level":"info","message":"HTTP request completed","meta":{"requestId":"29ebccca-d60c-41a7-bea1-f4354cb82c34","method":"GET","route":"/api/suppliers","status":200,"durationMs":63,"orgId":null,"userId":1,"errorCode":null}}
{"timestamp":"2026-07-29T10:58:04.900Z","level":"info","message":"HTTP request completed","meta":{"requestId":"0d1d0ff7-68df-4d46-bef0-d3349acd7cdb","method":"GET","route":"/api/user","status":200,"durationMs":57,"orgId":null,"userId":1,"errorCode":null}}
{"timestamp":"2026-07-29T10:58:04.932Z","level":"info","message":"HTTP request completed","meta":{"requestId":"44b89edf-77d4-4a31-b59a-2af06e120ae7","method":"GET","route":"/api/inventory","status":200,"durationMs":93,"orgId":null,"userId":1,"errorCode":null}}
[SETUP_STATUS] summary requestId=9bc258fe-7dd8-467b-810e-fa274867b053 userId=1 orgId=1 health=ok firstCode=OK criticalCount=0 warningCount=0
{"timestamp":"2026-07-29T10:58:04.995Z","level":"info","message":"HTTP request completed","meta":{"requestId":"d743446b-5a65-4e86-9646-333bf57cda82","method":"GET","route":"/api/notifications","status":200,"durationMs":27,"orgId":null,"userId":1,"errorCode":null}}
{"timestamp":"2026-07-29T10:58:04.996Z","level":"info","message":"HTTP request completed","meta":{"requestId":"9bc258fe-7dd8-467b-810e-fa274867b053","method":"GET","route":"/api/setup/status","status":200,"durationMs":29,"orgId":null,"userId":1,"errorCode":null}}
{"timestamp":"2026-07-29T10:58:05.314Z","level":"info","message":"HTTP request completed","meta":{"requestId":"b18efd63-b23b-4c97-b572-e92a73996408","method":"GET","route":"/api/diagnostics/findings","status":200,"durationMs":40,"orgId":null,"userId":1,"errorCode":null}}
{"timestamp":"2026-07-29T10:58:05.692Z","level":"info","message":"HTTP request completed","meta":{"requestId":"8fc748d2-af09-48a8-a09f-f6f48d0a9231","method":"GET","route":"/api/diagnostics/summary","status":200,"durationMs":417,"orgId":null,"userId":1,"errorCode":null}}
{"timestamp":"2026-07-29T10:58:05.719Z","level":"info","message":"HTTP request completed","meta":{"requestId":"dc6473b8-1b9c-4917-9519-7d0b2bf4b6ee","method":"GET","route":"/api/diagnostics/findings","status":200,"durationMs":72,"orgId":null,"userId":1,"errorCode":null}}
{"timestamp":"2026-07-29T10:58:05.992Z","level":"info","message":"HTTP request completed","meta":{"requestId":"9e42711f-1265-4fac-8913-60bb8b5fede4","method":"GET","route":"/api/diagnostics/findings","status":200,"durationMs":61,"orgId":null,"userId":1,"errorCode":null}}
Cleanup complete. Active clients: 0
Cleanup complete. Active clients: 0
Cleanup complete. Active clients: 0
Cleanup complete. Active clients: 0
Cleanup complete. Active clients: 0
Cleanup complete. Active clients: 0
Running scheduled low stock check...
Found 117 items with low stock
Cleanup complete. Active clients: 0
Cleanup complete. Active clients: 0
Cleanup complete. Active clients: 0
Cleanup complete. Active clients: 0
Cleanup complete. Active clients: 0
Cleanup complete. Active clients: 0
Running scheduled low stock check...
Found 117 items with low stock
Cleanup complete. Active clients: 0
Cleanup complete. Active clients: 0
Cleanup complete. Active clients: 0
Cleanup complete. Active clients: 0
Cleanup complete. Active clients: 0
Running scheduled low stock check...
Found 117 items with low stock
Cleanup complete. Active clients: 0
Cleanup complete. Active clients: 0
[2m14:31:09[22m [36m[1m[vite][22m[39m [90m[2m(client)[22m[39m [32mhmr update [39m[2m/src/pages/auth-page.tsx[22m
[2m14:31:11[22m [36m[1m[vite][22m[39m [90m[2m(client)[22m[39m [32mhmr update [39m[2m/src/pages/auth-page.tsx[22m
[2m14:31:36[22m [36m[1m[vite][22m[39m [90m[2m(client)[22m[39m [32mhmr update [39m[2m/src/index.css, /src/pages/reports/procurement-line-report-preview.tsx[22m
[2m14:31:37[22m [36m[1m[vite][22m[39m [90m[2m(client)[22m[39m [32mhmr update [39m[2m/src/index.css, /src/pages/reports/procurement-line-report-preview.tsx[22m
[2m14:31:50[22m [36m[1m[vite][22m[39m [90m[2m(client)[22m[39m [32mhmr update [39m[2m/src/index.css, /src/pages/reports.tsx[22m
[2m14:31:51[22m [36m[1m[vite][22m[39m [90m[2m(client)[22m[39m [32mhmr update [39m[2m/src/index.css, /src/pages/reports.tsx[22m
[2m14:32:15[22m [36m[1m[vite][22m[39m [90m[2m(client)[22m[39m [32mhmr update [39m[2m/src/index.css, /src/components/reports/report-filters.tsx[22m
[2m14:32:16[22m [36m[1m[vite][22m[39m [90m[2m(client)[22m[39m [32mhmr update [39m[2m/src/index.css, /src/components/reports/report-filters.tsx[22m
Cleanup complete. Active clients: 0
Cleanup complete. Active clients: 0
Cleanup complete. Active clients: 0
Cleanup complete. Active clients: 0
Running scheduled low stock check...
Found 117 items with low stock
Cleanup complete. Active clients: 0
Cleanup complete. Active clients: 0
Cleanup complete. Active clients: 0
Cleanup complete. Active clients: 0
Cleanup complete. Active clients: 0
Cleanup complete. Active clients: 0
Running scheduled low stock check...
Found 117 items with low stock
Cleanup complete. Active clients: 0
Cleanup complete. Active clients: 0
Cleanup complete. Active clients: 0
Cleanup complete. Active clients: 0
Cleanup complete. Active clients: 0
Cleanup complete. Active clients: 0
Running scheduled low stock check...
Found 117 items with low stock
Cleanup complete. Active clients: 0
Cleanup complete. Active clients: 0
Cleanup complete. Active clients: 0
Cleanup complete. Active clients: 0
Cleanup complete. Active clients: 0
Cleanup complete. Active clients: 0
Running scheduled low stock check...
Found 117 items with low stock
Cleanup complete. Active clients: 0
Cleanup complete. Active clients: 0
[2m16:30:32[22m [36m[1m[vite][22m[39m [90m[2m(client)[22m[39m [32mhmr update [39m[2m/src/index.css[22m
[2m16:30:37[22m [36m[1m[vite][22m[39m [90m[2m(client)[22m[39m [32mhmr update [39m[2m/src/index.css[22m
[2m16:30:40[22m [36m[1m[vite][22m[39m [90m[2m(client)[22m[39m [32mhmr update [39m[2m/src/index.css[22m
[2m16:30:41[22m [36m[1m[vite][22m[39m [90m[2m(client)[22m[39m [32mhmr update [39m[2m/src/index.css[22m
Cleanup complete. Active clients: 0
Cleanup complete. Active clients: 0
Cleanup complete. Active clients: 0
Cleanup complete. Active clients: 0
Running scheduled low stock check...
Found 117 items with low stock
Cleanup complete. Active clients: 0
Cleanup complete. Active clients: 0
Cleanup complete. Active clients: 0
Cleanup complete. Active clients: 0
Cleanup complete. Active clients: 0
Cleanup complete. Active clients: 0
Running scheduled low stock check...
Found 117 items with low stock
Cleanup complete. Active clients: 0
Cleanup complete. Active clients: 0
Cleanup complete. Active clients: 0
Cleanup complete. Active clients: 0
Cleanup complete. Active clients: 0
Cleanup complete. Active clients: 0
Running scheduled low stock check...
Found 117 items with low stock
Cleanup complete. Active clients: 0
Cleanup complete. Active clients: 0
Cleanup complete. Active clients: 0
Cleanup complete. Active clients: 0
Cleanup complete. Active clients: 0
Cleanup complete. Active clients: 0
Running scheduled low stock check...
Found 117 items with low stock
Cleanup complete. Active clients: 0
Cleanup complete. Active clients: 0
[2m18:31:13[22m [36m[1m[vite][22m[39m [90m[2m(client)[22m[39m [32mhmr update [39m[2m/src/index.css[22m
[2m18:31:18[22m [36m[1m[vite][22m[39m [90m[2m(client)[22m[39m [32mhmr update [39m[2m/src/index.css[22m
Cleanup complete. Active clients: 0
