
> rest-express@1.0.0 dev
> tsx server/index.ts

{"timestamp":"2026-07-29T10:36:29.116Z","level":"info","message":"Database pool initialized","meta":{"runtimeProfile":"development","ssl":false,"disposableTestDatabase":true}}
No email credentials found; using local JSON email transport.
{"timestamp":"2026-07-29T10:36:35.228Z","level":"info","message":"Database connection successful","meta":{"build":{"version":"1.0.0","commitSha":null,"buildId":null,"builtAt":null,"runtimeProfile":"development","deploymentMode":"development"}}}
Session table (connect-pg-simple) ready
Initializing database schema...
Session table (connect-pg-simple) ready
Tenant security and audit chain columns ready
categories.organization_id column and index ready
departments.organization_id column and index ready
carriers.organization_id column and index ready
warehouses.organization_id column and index ready
inventory_items.organization_id column and index ready
suppliers.organization_id column and index ready
app_settings.organization_id column and index ready
reorder_requests.organization_id column and index ready
purchase_requisitions.organization_id column and index ready
purchase_orders.organization_id column and index ready
inventory_serials.organization_id column and index ready
custom_roles.organization_id column and index ready
Purchase requisitions tables ready
Professional supply chain tables and columns ready
Strategic sourcing tables ready
Database already initialized with tables existing
{"timestamp":"2026-07-29T10:36:35.903Z","level":"info","message":"Database seed check completed","meta":{"seeded":false}}
{"timestamp":"2026-07-29T10:36:36.003Z","level":"info","message":"Development bootstrap completed","meta":{"opSeed":{"purchaseOrders":1045,"shipments":157,"exceptions":111,"integrationRuns":15,"activity":1625}}}
WebSocket server initialized for inventory sync
Real-time sync WebSocket service initialized
WebSocket servers initialized for real-time inventory synchronization
{"timestamp":"2026-07-29T10:36:36.030Z","level":"info","message":"Export worker started"}
{"timestamp":"2026-07-29T10:36:36.089Z","level":"info","message":"Setting up low stock alert checks","meta":{"checkFrequencyMinutes":30}}
Running scheduled low stock check...
Found 113 items with low stock

============================================================================
  ISSSourcing — web app (API + static/Vite)
  Browser URL:  http://127.0.0.1:5051
  Port:         5051   (set PORT in .env to change; default 5000)
  Health check: http://127.0.0.1:5051/api/ready
  URL file:     C:\Users\USER-PC\OneDrive\Documents\GITHUB REPO\ISSSourcing\.local-dev-url  (gitignored, for copy/paste)
============================================================================

12:36:36 PM [express] serving on 127.0.0.1:5051
12:36:36 PM [express] Startup URL (local): http://127.0.0.1:5051
12:36:36 PM [express] WebSocket server for real-time inventory sync is active
{"timestamp":"2026-07-29T10:36:36.228Z","level":"info","message":"Server listening","meta":{"host":"127.0.0.1","port":5051,"build":{"version":"1.0.0","commitSha":null,"buildId":null,"builtAt":null,"runtimeProfile":"development","deploymentMode":"development"},"runtimeProfile":"development"}}
{"timestamp":"2026-07-29T10:36:56.134Z","level":"info","message":"HTTP request completed","meta":{"requestId":"fb599f42-ed33-41b1-b46b-7151be5bbdd9","method":"GET","route":"/api/ready","status":200,"durationMs":20,"orgId":null,"userId":null,"errorCode":null}}
{"timestamp":"2026-07-29T10:37:12.894Z","level":"info","message":"HTTP request completed","meta":{"requestId":"0eab2534-b4f7-4336-a076-36fb7157580d","method":"GET","route":"/api/ready","status":200,"durationMs":12,"orgId":null,"userId":null,"errorCode":null}}
{"timestamp":"2026-07-29T10:37:12.943Z","level":"info","message":"HTTP request completed","meta":{"requestId":"d8c2df3b-a076-4a6d-98bb-bdf05b8efa31","method":"GET","route":"/api/csrf-token","status":200,"durationMs":28,"orgId":null,"userId":null,"errorCode":null}}
{"timestamp":"2026-07-29T10:37:13.097Z","level":"info","message":"HTTP request completed","meta":{"requestId":"d7c41737-5758-4693-a986-4660e39f148d","method":"POST","route":"/api/auth/login","status":200,"durationMs":146,"orgId":null,"userId":1,"errorCode":null}}
{"timestamp":"2026-07-29T10:37:13.314Z","level":"info","message":"HTTP request completed","meta":{"requestId":"eab3616b-0709-4429-ba85-92ca4740959f","method":"GET","route":"/api/diagnostics/summary","status":200,"durationMs":214,"orgId":null,"userId":1,"errorCode":null}}
{"timestamp":"2026-07-29T10:37:13.544Z","level":"info","message":"HTTP request completed","meta":{"requestId":"5ce1cf2e-8d7b-49c3-930b-d1a93b3702d7","method":"GET","route":"/api/diagnostics/summary","status":200,"durationMs":141,"orgId":null,"userId":1,"errorCode":null}}
{"timestamp":"2026-07-29T10:37:13.574Z","level":"info","message":"HTTP request completed","meta":{"requestId":"98b17b94-793f-43ab-8fe7-29eb4b1def8f","method":"GET","route":"/api/purchase-requisitions/1210","status":404,"durationMs":28,"orgId":null,"userId":1,"errorCode":null}}
{"timestamp":"2026-07-29T10:37:13.585Z","level":"info","message":"HTTP request completed","meta":{"requestId":"70fa6bfc-217a-4223-a027-a5db408925ad","method":"GET","route":"/api/purchase-requisitions/1210/items","status":404,"durationMs":9,"orgId":null,"userId":1,"errorCode":null}}
{"timestamp":"2026-07-29T10:37:13.594Z","level":"info","message":"HTTP request completed","meta":{"requestId":"7dfd67f8-b1cd-4152-87fc-ad7728be383f","method":"GET","route":"/api/csrf-token","status":200,"durationMs":8,"orgId":null,"userId":1,"errorCode":null}}
{"timestamp":"2026-07-29T10:37:13.638Z","level":"info","message":"HTTP request completed","meta":{"requestId":"4c70deb4-5a71-45e9-b60d-1ffcaa5a41da","method":"POST","route":"/api/reports/preview","status":200,"durationMs":41,"orgId":null,"userId":1,"errorCode":null}}
{"timestamp":"2026-07-29T10:37:13.649Z","level":"info","message":"HTTP request completed","meta":{"requestId":"582f8983-0d0b-43b2-a622-90674c3b538f","method":"GET","route":"/api/csrf-token","status":200,"durationMs":9,"orgId":null,"userId":1,"errorCode":null}}
{"timestamp":"2026-07-29T10:37:13.670Z","level":"info","message":"HTTP request completed","meta":{"requestId":"dbc428bf-9265-4dda-89b6-d2c60235872a","method":"POST","route":"/api/export-center/custom-export","status":200,"durationMs":19,"orgId":null,"userId":1,"errorCode":null}}
{"timestamp":"2026-07-29T10:37:13.690Z","level":"info","message":"HTTP request completed","meta":{"requestId":"854a5928-17cc-4df7-8f43-38f885d8be0d","method":"GET","route":"/api/export-center/history","status":200,"durationMs":18,"orgId":null,"userId":1,"errorCode":null}}
{"timestamp":"2026-07-29T10:37:13.698Z","level":"info","message":"HTTP request completed","meta":{"requestId":"e6e2a165-66d5-4f6a-b0d8-253c82962321","method":"GET","route":"/api/csrf-token","status":200,"durationMs":7,"orgId":null,"userId":1,"errorCode":null}}
{"timestamp":"2026-07-29T10:37:13.710Z","level":"info","message":"HTTP request completed","meta":{"requestId":"0a96d156-4ed7-41ae-83e3-4125969ecfd2","method":"POST","route":"/api/export-jobs/14/download-token","status":410,"durationMs":10,"orgId":null,"userId":1,"errorCode":null}}
{"timestamp":"2026-07-29T10:37:13.723Z","level":"info","message":"HTTP request completed","meta":{"requestId":"1a1391a1-492e-41ff-a953-bd58983aaa8a","method":"GET","route":"/api/export/download/14","status":404,"durationMs":9,"orgId":null,"userId":1,"errorCode":null}}
{"timestamp":"2026-07-29T10:37:13.752Z","level":"info","message":"HTTP request completed","meta":{"requestId":"dc4fa9c9-0303-4b10-a3b9-0e3253d40142","method":"GET","route":"/api/approval-policies","status":200,"durationMs":30,"orgId":null,"userId":1,"errorCode":null}}
{"timestamp":"2026-07-29T10:37:13.760Z","level":"info","message":"HTTP request completed","meta":{"requestId":"347a3921-187d-4c53-b7ea-13129a017a81","method":"GET","route":"/api/csrf-token","status":200,"durationMs":6,"orgId":null,"userId":1,"errorCode":null}}
{"timestamp":"2026-07-29T10:37:13.772Z","level":"info","message":"HTTP request completed","meta":{"requestId":"140dd7ad-5133-4dc2-8805-4f68d3ef5abd","method":"PATCH","route":"/api/approval-policies/533","status":404,"durationMs":10,"orgId":null,"userId":1,"errorCode":null}}
{"timestamp":"2026-07-29T10:37:13.876Z","level":"info","message":"HTTP request completed","meta":{"requestId":"aa5365de-e726-4d2f-b74c-61d70b3fc6a3","method":"GET","route":"/api/diagnostics/findings","status":200,"durationMs":103,"orgId":null,"userId":1,"errorCode":null}}
{"timestamp":"2026-07-29T10:37:13.908Z","level":"info","message":"HTTP request completed","meta":{"requestId":"cb41108e-b1f0-4d4b-b3e0-eaea9c99db27","method":"GET","route":"/api/csrf-token","status":200,"durationMs":20,"orgId":null,"userId":1,"errorCode":null}}
{"timestamp":"2026-07-29T10:37:13.934Z","level":"info","message":"HTTP request completed","meta":{"requestId":"a58aa485-0364-4adf-bb8e-4b675edc9288","method":"POST","route":"/api/invoices/1036/items","status":404,"durationMs":24,"orgId":null,"userId":1,"errorCode":null}}
{"timestamp":"2026-07-29T10:37:13.943Z","level":"info","message":"HTTP request completed","meta":{"requestId":"f7c4fac8-a513-4744-9e4d-71ec9df83b88","method":"GET","route":"/api/csrf-token","status":200,"durationMs":8,"orgId":null,"userId":1,"errorCode":null}}
{"timestamp":"2026-07-29T10:37:13.966Z","level":"info","message":"HTTP request completed","meta":{"requestId":"cd58bae6-8cee-4edc-abbc-c6ddb0727dc6","method":"POST","route":"/api/approval-policies","status":201,"durationMs":22,"orgId":null,"userId":1,"errorCode":null}}
{"timestamp":"2026-07-29T10:37:13.975Z","level":"info","message":"HTTP request completed","meta":{"requestId":"144094ee-7b52-45df-9f04-5aeab8899a01","method":"GET","route":"/api/csrf-token","status":200,"durationMs":7,"orgId":null,"userId":1,"errorCode":null}}
{"timestamp":"2026-07-29T10:37:13.993Z","level":"info","message":"HTTP request completed","meta":{"requestId":"d48962bb-bab1-4cfc-919b-ce9c7fb477a1","method":"PATCH","route":"/api/approval-policies/534","status":200,"durationMs":16,"orgId":null,"userId":1,"errorCode":null}}
{"timestamp":"2026-07-29T10:38:37.188Z","level":"info","message":"HTTP request completed","meta":{"requestId":"b1086c9f-4030-47d2-8c2c-70fad0a93ec7","method":"GET","route":"/api/ready","status":200,"durationMs":4,"orgId":null,"userId":null,"errorCode":null}}
{"timestamp":"2026-07-29T10:38:37.213Z","level":"info","message":"HTTP request completed","meta":{"requestId":"91fdcbe6-0029-4122-8fe0-dfd086ad1e55","method":"GET","route":"/api/csrf-token","status":200,"durationMs":5,"orgId":null,"userId":null,"errorCode":null}}
{"timestamp":"2026-07-29T10:38:37.323Z","level":"info","message":"HTTP request completed","meta":{"requestId":"035beff8-5a25-46ce-92a7-b5ee4b4eefd0","method":"POST","route":"/api/auth/login","status":200,"durationMs":99,"orgId":null,"userId":1,"errorCode":null}}
{"timestamp":"2026-07-29T10:38:37.337Z","level":"info","message":"HTTP request completed","meta":{"requestId":"dda0b8f6-5c6b-4837-9b84-9d9310ad7543","method":"GET","route":"/api/csrf-token","status":200,"durationMs":10,"orgId":null,"userId":1,"errorCode":null}}
{"timestamp":"2026-07-29T10:38:37.412Z","level":"info","message":"HTTP request completed","meta":{"requestId":"77c4db5c-06a3-4d5a-a8d9-8d2bf584df96","method":"POST","route":"/api/purchase-requisitions","status":201,"durationMs":72,"orgId":null,"userId":1,"errorCode":null}}
{"timestamp":"2026-07-29T10:38:37.423Z","level":"info","message":"HTTP request completed","meta":{"requestId":"954311c2-c549-4955-ad29-6f0dc8cadca9","method":"GET","route":"/api/csrf-token","status":200,"durationMs":8,"orgId":null,"userId":1,"errorCode":null}}
{"timestamp":"2026-07-29T10:38:37.454Z","level":"info","message":"HTTP request completed","meta":{"requestId":"576ea2e7-f504-4a05-93e1-4c1dd9dd616a","method":"POST","route":"/api/purchase-requisitions/1212/approve","status":200,"durationMs":28,"orgId":null,"userId":1,"errorCode":null}}
{"timestamp":"2026-07-29T10:38:37.465Z","level":"info","message":"HTTP request completed","meta":{"requestId":"bb01d572-f64c-4d95-a461-b31e527fbe79","method":"GET","route":"/api/csrf-token","status":200,"durationMs":8,"orgId":null,"userId":1,"errorCode":null}}
{"timestamp":"2026-07-29T10:38:37.530Z","level":"info","message":"HTTP request completed","meta":{"requestId":"afc8687d-5e99-47be-a8aa-7492b82f580a","method":"POST","route":"/api/purchase-requisitions/1212/convert","status":201,"durationMs":63,"orgId":null,"userId":1,"errorCode":null}}
{"timestamp":"2026-07-29T10:38:37.540Z","level":"info","message":"HTTP request completed","meta":{"requestId":"28251aa8-1539-46d2-8b3a-4b96d8f52b76","method":"GET","route":"/api/csrf-token","status":200,"durationMs":8,"orgId":null,"userId":1,"errorCode":null}}
{"timestamp":"2026-07-29T10:38:37.583Z","level":"info","message":"HTTP request completed","meta":{"requestId":"5590e1c9-ed05-49f6-b012-f0694214d74c","method":"POST","route":"/api/purchase-requisitions","status":201,"durationMs":41,"orgId":null,"userId":1,"errorCode":null}}
{"timestamp":"2026-07-29T10:38:37.592Z","level":"info","message":"HTTP request completed","meta":{"requestId":"24da7294-61a8-44ae-848a-3e38834602ab","method":"GET","route":"/api/csrf-token","status":200,"durationMs":7,"orgId":null,"userId":1,"errorCode":null}}
{"timestamp":"2026-07-29T10:38:37.611Z","level":"info","message":"HTTP request completed","meta":{"requestId":"b30f9f97-d97d-4639-bb57-c79d37c8596a","method":"POST","route":"/api/purchase-requisitions/1213/approve","status":200,"durationMs":17,"orgId":null,"userId":1,"errorCode":null}}
{"timestamp":"2026-07-29T10:38:37.620Z","level":"info","message":"HTTP request completed","meta":{"requestId":"5454deff-20c8-46ac-885a-790bb27e09ee","method":"GET","route":"/api/csrf-token","status":200,"durationMs":8,"orgId":null,"userId":1,"errorCode":null}}
{"timestamp":"2026-07-29T10:38:37.665Z","level":"info","message":"HTTP request completed","meta":{"requestId":"c266f97f-930b-40c9-a399-d54bcf832408","method":"POST","route":"/api/purchase-requisitions/1213/convert","status":201,"durationMs":43,"orgId":null,"userId":1,"errorCode":null}}
{"timestamp":"2026-07-29T10:38:37.674Z","level":"info","message":"HTTP request completed","meta":{"requestId":"1157a72c-6226-4943-9f1b-3d8be69cc8e2","method":"GET","route":"/api/csrf-token","status":200,"durationMs":8,"orgId":null,"userId":1,"errorCode":null}}
{"timestamp":"2026-07-29T10:38:37.715Z","level":"info","message":"HTTP request completed","meta":{"requestId":"6d202712-a92c-4528-ac91-89f5d6b6710c","method":"POST","route":"/api/purchase-requisitions","status":201,"durationMs":39,"orgId":null,"userId":1,"errorCode":null}}
{"timestamp":"2026-07-29T10:38:37.723Z","level":"info","message":"HTTP request completed","meta":{"requestId":"13d7cdc8-a890-4042-8c06-ee39ce903fbf","method":"GET","route":"/api/csrf-token","status":200,"durationMs":7,"orgId":null,"userId":1,"errorCode":null}}
{"timestamp":"2026-07-29T10:38:37.744Z","level":"info","message":"HTTP request completed","meta":{"requestId":"123fab0d-831b-4158-bc21-93e4627f6e6f","method":"POST","route":"/api/purchase-requisitions/1214/approve","status":200,"durationMs":19,"orgId":null,"userId":1,"errorCode":null}}
{"timestamp":"2026-07-29T10:38:37.753Z","level":"info","message":"HTTP request completed","meta":{"requestId":"719aa4e3-e973-4541-892f-eb5251e2e2f4","method":"GET","route":"/api/csrf-token","status":200,"durationMs":8,"orgId":null,"userId":1,"errorCode":null}}
{"timestamp":"2026-07-29T10:38:37.798Z","level":"info","message":"HTTP request completed","meta":{"requestId":"a15ab773-6bed-4dff-91c9-f4933709b08f","method":"POST","route":"/api/purchase-requisitions/1214/convert","status":201,"durationMs":43,"orgId":null,"userId":1,"errorCode":null}}
{"timestamp":"2026-07-29T10:38:37.808Z","level":"info","message":"HTTP request completed","meta":{"requestId":"0fb28a91-f9de-44f5-a10a-f35b22600c30","method":"GET","route":"/api/csrf-token","status":200,"durationMs":9,"orgId":null,"userId":1,"errorCode":null}}
{"timestamp":"2026-07-29T10:38:37.849Z","level":"info","message":"HTTP request completed","meta":{"requestId":"264419fd-7ddc-4c70-8dd1-0d889a2081b6","method":"POST","route":"/api/purchase-requisitions","status":201,"durationMs":39,"orgId":null,"userId":1,"errorCode":null}}
{"timestamp":"2026-07-29T10:38:37.858Z","level":"info","message":"HTTP request completed","meta":{"requestId":"4723d2d7-91d6-48fd-8d61-cb477a378843","method":"GET","route":"/api/csrf-token","status":200,"durationMs":7,"orgId":null,"userId":1,"errorCode":null}}
{"timestamp":"2026-07-29T10:38:37.878Z","level":"info","message":"HTTP request completed","meta":{"requestId":"dbc78304-bb3f-4c39-8493-cfc684db5f76","method":"POST","route":"/api/purchase-requisitions/1215/approve","status":200,"durationMs":19,"orgId":null,"userId":1,"errorCode":null}}
{"timestamp":"2026-07-29T10:38:37.888Z","level":"info","message":"HTTP request completed","meta":{"requestId":"9c79b0bc-e55f-400d-ba6b-78f7c4311909","method":"GET","route":"/api/csrf-token","status":200,"durationMs":8,"orgId":null,"userId":1,"errorCode":null}}
{"timestamp":"2026-07-29T10:38:37.930Z","level":"info","message":"HTTP request completed","meta":{"requestId":"4a7c45ff-7c87-4225-bbb7-539960722411","method":"POST","route":"/api/purchase-requisitions/1215/convert","status":201,"durationMs":41,"orgId":null,"userId":1,"errorCode":null}}
{"timestamp":"2026-07-29T10:38:37.940Z","level":"info","message":"HTTP request completed","meta":{"requestId":"cc104a86-727f-4a1f-9efc-d1e1c2b4d04d","method":"GET","route":"/api/csrf-token","status":200,"durationMs":8,"orgId":null,"userId":1,"errorCode":null}}
{"timestamp":"2026-07-29T10:38:37.974Z","level":"info","message":"HTTP request completed","meta":{"requestId":"c03f8674-2723-471e-8694-e65fa0f851f5","method":"POST","route":"/api/purchase-requisitions","status":201,"durationMs":32,"orgId":null,"userId":1,"errorCode":null}}
{"timestamp":"2026-07-29T10:38:37.981Z","level":"info","message":"HTTP request completed","meta":{"requestId":"bb00714d-1b01-4425-8686-fbf5e0860d70","method":"GET","route":"/api/csrf-token","status":200,"durationMs":6,"orgId":null,"userId":1,"errorCode":null}}
{"timestamp":"2026-07-29T10:38:37.997Z","level":"info","message":"HTTP request completed","meta":{"requestId":"16483136-24b3-48c0-908e-860d3d9f6fa6","method":"POST","route":"/api/purchase-requisitions/1216/approve","status":200,"durationMs":15,"orgId":null,"userId":1,"errorCode":null}}
{"timestamp":"2026-07-29T10:38:38.005Z","level":"info","message":"HTTP request completed","meta":{"requestId":"51bc192f-2c07-4da1-b1d4-2650b7d2429f","method":"GET","route":"/api/csrf-token","status":200,"durationMs":7,"orgId":null,"userId":1,"errorCode":null}}
{"timestamp":"2026-07-29T10:38:38.039Z","level":"info","message":"HTTP request completed","meta":{"requestId":"8ac1c808-96bd-4a6e-8fbc-64eddf97bc89","method":"POST","route":"/api/purchase-requisitions/1216/convert","status":201,"durationMs":33,"orgId":null,"userId":1,"errorCode":null}}
{"timestamp":"2026-07-29T10:38:38.048Z","level":"info","message":"HTTP request completed","meta":{"requestId":"eae6dfb9-a944-452b-9c2d-5a89970439f8","method":"GET","route":"/api/csrf-token","status":200,"durationMs":7,"orgId":null,"userId":1,"errorCode":null}}
{"timestamp":"2026-07-29T10:38:38.083Z","level":"info","message":"HTTP request completed","meta":{"requestId":"8e5fcccb-7633-4d8e-b8b9-26e51bcd3ece","method":"POST","route":"/api/purchase-requisitions","status":201,"durationMs":34,"orgId":null,"userId":1,"errorCode":null}}
{"timestamp":"2026-07-29T10:38:38.092Z","level":"info","message":"HTTP request completed","meta":{"requestId":"a8f217f8-b6fc-4985-871f-d85788a75583","method":"GET","route":"/api/csrf-token","status":200,"durationMs":7,"orgId":null,"userId":1,"errorCode":null}}
{"timestamp":"2026-07-29T10:38:38.110Z","level":"info","message":"HTTP request completed","meta":{"requestId":"175437d4-d5e5-477c-96d9-349181f1ead5","method":"POST","route":"/api/purchase-requisitions/1217/approve","status":200,"durationMs":17,"orgId":null,"userId":1,"errorCode":null}}
{"timestamp":"2026-07-29T10:38:38.117Z","level":"info","message":"HTTP request completed","meta":{"requestId":"7f58bc0a-08ff-48a6-91ae-adcca3ca81ca","method":"GET","route":"/api/csrf-token","status":200,"durationMs":6,"orgId":null,"userId":1,"errorCode":null}}
{"timestamp":"2026-07-29T10:38:38.154Z","level":"info","message":"HTTP request completed","meta":{"requestId":"7b2116ea-6d30-4590-8c3a-43de224f6e39","method":"POST","route":"/api/purchase-requisitions/1217/convert","status":201,"durationMs":36,"orgId":null,"userId":1,"errorCode":null}}
{"timestamp":"2026-07-29T10:38:38.161Z","level":"info","message":"HTTP request completed","meta":{"requestId":"f29e0adc-4b4a-4648-b6d9-459b64f353a6","method":"GET","route":"/api/csrf-token","status":200,"durationMs":6,"orgId":null,"userId":1,"errorCode":null}}
{"timestamp":"2026-07-29T10:38:38.196Z","level":"info","message":"HTTP request completed","meta":{"requestId":"54d6c78e-d73c-45ad-9404-50774c57eb4e","method":"POST","route":"/api/purchase-requisitions","status":201,"durationMs":33,"orgId":null,"userId":1,"errorCode":null}}
{"timestamp":"2026-07-29T10:38:38.205Z","level":"info","message":"HTTP request completed","meta":{"requestId":"64ce0199-8721-475e-8ac9-2482c89af4d4","method":"GET","route":"/api/csrf-token","status":200,"durationMs":7,"orgId":null,"userId":1,"errorCode":null}}
{"timestamp":"2026-07-29T10:38:38.221Z","level":"info","message":"HTTP request completed","meta":{"requestId":"a8fd07f0-2877-4c63-9cca-9c73147122ff","method":"POST","route":"/api/purchase-requisitions/1218/approve","status":200,"durationMs":15,"orgId":null,"userId":1,"errorCode":null}}
{"timestamp":"2026-07-29T10:38:38.227Z","level":"info","message":"HTTP request completed","meta":{"requestId":"674d3878-c4ad-47b8-afa1-a17cc8de28b2","method":"GET","route":"/api/csrf-token","status":200,"durationMs":5,"orgId":null,"userId":1,"errorCode":null}}
{"timestamp":"2026-07-29T10:38:38.265Z","level":"info","message":"HTTP request completed","meta":{"requestId":"a3c73feb-3f09-4597-b42d-1aa42a2ce2fc","method":"POST","route":"/api/purchase-requisitions/1218/convert","status":201,"durationMs":37,"orgId":null,"userId":1,"errorCode":null}}
{"timestamp":"2026-07-29T10:38:38.274Z","level":"info","message":"HTTP request completed","meta":{"requestId":"b67c4b75-a6fb-4bf0-ae80-3ed3e96ac089","method":"GET","route":"/api/csrf-token","status":200,"durationMs":8,"orgId":null,"userId":1,"errorCode":null}}
{"timestamp":"2026-07-29T10:38:38.315Z","level":"info","message":"HTTP request completed","meta":{"requestId":"4e0c910f-bb6b-4391-bec7-df84f1ba41fd","method":"POST","route":"/api/purchase-requisitions","status":201,"durationMs":40,"orgId":null,"userId":1,"errorCode":null}}
{"timestamp":"2026-07-29T10:38:38.322Z","level":"info","message":"HTTP request completed","meta":{"requestId":"239b2f40-ff0f-4dfc-83e0-1d74366e34d8","method":"GET","route":"/api/csrf-token","status":200,"durationMs":6,"orgId":null,"userId":1,"errorCode":null}}
{"timestamp":"2026-07-29T10:38:38.339Z","level":"info","message":"HTTP request completed","meta":{"requestId":"e4100a75-68de-4f45-9d7a-6a46be8a0d91","method":"POST","route":"/api/purchase-requisitions/1219/approve","status":200,"durationMs":15,"orgId":null,"userId":1,"errorCode":null}}
{"timestamp":"2026-07-29T10:38:38.345Z","level":"info","message":"HTTP request completed","meta":{"requestId":"d372fffc-ae95-487a-8eb3-d1b55677ede2","method":"GET","route":"/api/csrf-token","status":200,"durationMs":5,"orgId":null,"userId":1,"errorCode":null}}
{"timestamp":"2026-07-29T10:38:38.377Z","level":"info","message":"HTTP request completed","meta":{"requestId":"af6d525d-b224-4665-8a08-b1bc677e7499","method":"POST","route":"/api/purchase-requisitions/1219/convert","status":201,"durationMs":30,"orgId":null,"userId":1,"errorCode":null}}
{"timestamp":"2026-07-29T10:38:38.383Z","level":"info","message":"HTTP request completed","meta":{"requestId":"01b15a16-50ed-4dcc-aff0-c6ada977482f","method":"GET","route":"/api/csrf-token","status":200,"durationMs":5,"orgId":null,"userId":1,"errorCode":null}}
{"timestamp":"2026-07-29T10:38:38.411Z","level":"info","message":"HTTP request completed","meta":{"requestId":"75b6af5c-36ee-4f11-98f5-2a6c9e874631","method":"POST","route":"/api/purchase-requisitions","status":201,"durationMs":26,"orgId":null,"userId":1,"errorCode":null}}
{"timestamp":"2026-07-29T10:38:38.418Z","level":"info","message":"HTTP request completed","meta":{"requestId":"e82c87e1-5d3d-4276-89b0-6937b265ce7d","method":"GET","route":"/api/csrf-token","status":200,"durationMs":6,"orgId":null,"userId":1,"errorCode":null}}
{"timestamp":"2026-07-29T10:38:38.434Z","level":"info","message":"HTTP request completed","meta":{"requestId":"e90e0727-e5d8-4c1d-ab78-28bfb95560ca","method":"POST","route":"/api/purchase-requisitions/1220/approve","status":200,"durationMs":15,"orgId":null,"userId":1,"errorCode":null}}
{"timestamp":"2026-07-29T10:38:38.440Z","level":"info","message":"HTTP request completed","meta":{"requestId":"b646025e-a9da-4f2e-a943-ff5259bc0dbd","method":"GET","route":"/api/csrf-token","status":200,"durationMs":5,"orgId":null,"userId":1,"errorCode":null}}
{"timestamp":"2026-07-29T10:38:38.471Z","level":"info","message":"HTTP request completed","meta":{"requestId":"e651c115-b31f-4c67-8b0f-5c53a70dbeb4","method":"POST","route":"/api/purchase-requisitions/1220/convert","status":201,"durationMs":29,"orgId":null,"userId":1,"errorCode":null}}
{"timestamp":"2026-07-29T10:38:38.477Z","level":"info","message":"HTTP request completed","meta":{"requestId":"eba367eb-6351-469e-aa25-4fe98d64c393","method":"GET","route":"/api/csrf-token","status":200,"durationMs":6,"orgId":null,"userId":1,"errorCode":null}}
{"timestamp":"2026-07-29T10:38:38.502Z","level":"info","message":"HTTP request completed","meta":{"requestId":"467deeb0-58b1-4455-9875-dec508fafe46","method":"POST","route":"/api/purchase-requisitions","status":201,"durationMs":24,"orgId":null,"userId":1,"errorCode":null}}
{"timestamp":"2026-07-29T10:38:38.507Z","level":"info","message":"HTTP request completed","meta":{"requestId":"9cd974f4-9270-4594-bb88-d76ec248343a","method":"GET","route":"/api/csrf-token","status":200,"durationMs":4,"orgId":null,"userId":1,"errorCode":null}}
{"timestamp":"2026-07-29T10:38:38.525Z","level":"info","message":"HTTP request completed","meta":{"requestId":"29d6702c-929b-4fc5-896d-36341dff0fe8","method":"POST","route":"/api/purchase-requisitions/1221/approve","status":200,"durationMs":16,"orgId":null,"userId":1,"errorCode":null}}
{"timestamp":"2026-07-29T10:38:38.532Z","level":"info","message":"HTTP request completed","meta":{"requestId":"33d8a509-47b3-4237-8df7-5181a914e555","method":"GET","route":"/api/csrf-token","status":200,"durationMs":6,"orgId":null,"userId":1,"errorCode":null}}
{"timestamp":"2026-07-29T10:38:38.566Z","level":"info","message":"HTTP request completed","meta":{"requestId":"5b03b202-bd90-4adc-8d61-751c7a7bb1d6","method":"POST","route":"/api/purchase-requisitions/1221/convert","status":201,"durationMs":33,"orgId":null,"userId":1,"errorCode":null}}
{"timestamp":"2026-07-29T10:38:38.572Z","level":"info","message":"HTTP request completed","meta":{"requestId":"521e1d9c-9b8e-4a5b-98fb-bd1ebc2d7744","method":"GET","route":"/api/csrf-token","status":200,"durationMs":5,"orgId":null,"userId":1,"errorCode":null}}
{"timestamp":"2026-07-29T10:38:38.602Z","level":"info","message":"HTTP request completed","meta":{"requestId":"14536406-bd9e-4889-85fa-9ea23b2d0167","method":"POST","route":"/api/purchase-requisitions","status":201,"durationMs":29,"orgId":null,"userId":1,"errorCode":null}}
{"timestamp":"2026-07-29T10:38:38.609Z","level":"info","message":"HTTP request completed","meta":{"requestId":"aebc3f97-69eb-43d7-adf8-d2499d55e7af","method":"GET","route":"/api/csrf-token","status":200,"durationMs":6,"orgId":null,"userId":1,"errorCode":null}}
{"timestamp":"2026-07-29T10:38:38.624Z","level":"info","message":"HTTP request completed","meta":{"requestId":"c7eae8ce-6f54-4a73-b574-f05ac8d4f17e","method":"POST","route":"/api/purchase-requisitions/1222/approve","status":200,"durationMs":13,"orgId":null,"userId":1,"errorCode":null}}
{"timestamp":"2026-07-29T10:38:38.632Z","level":"info","message":"HTTP request completed","meta":{"requestId":"b5ea7631-2d9b-4652-9332-15e4c19f2817","method":"GET","route":"/api/csrf-token","status":200,"durationMs":7,"orgId":null,"userId":1,"errorCode":null}}
{"timestamp":"2026-07-29T10:38:38.666Z","level":"info","message":"HTTP request completed","meta":{"requestId":"82131fba-52e8-4bc1-b096-eaa58429934f","method":"POST","route":"/api/purchase-requisitions/1222/convert","status":201,"durationMs":33,"orgId":null,"userId":1,"errorCode":null}}
{"timestamp":"2026-07-29T10:38:38.674Z","level":"info","message":"HTTP request completed","meta":{"requestId":"b7efdac3-c2a3-42bb-9eff-d111a14f8d27","method":"GET","route":"/api/csrf-token","status":200,"durationMs":7,"orgId":null,"userId":1,"errorCode":null}}
{"timestamp":"2026-07-29T10:38:38.706Z","level":"info","message":"HTTP request completed","meta":{"requestId":"8eae545a-94cb-4633-9f8d-c90c0da99fad","method":"POST","route":"/api/purchase-requisitions","status":201,"durationMs":31,"orgId":null,"userId":1,"errorCode":null}}
{"timestamp":"2026-07-29T10:38:38.714Z","level":"info","message":"HTTP request completed","meta":{"requestId":"f3800b8c-eabd-401e-b2f7-29e2a5e8e33c","method":"GET","route":"/api/csrf-token","status":200,"durationMs":7,"orgId":null,"userId":1,"errorCode":null}}
{"timestamp":"2026-07-29T10:38:38.733Z","level":"info","message":"HTTP request completed","meta":{"requestId":"6dd37279-adc0-44d1-b63b-63950ed5c64d","method":"POST","route":"/api/purchase-requisitions/1223/approve","status":200,"durationMs":18,"orgId":null,"userId":1,"errorCode":null}}
{"timestamp":"2026-07-29T10:38:38.740Z","level":"info","message":"HTTP request completed","meta":{"requestId":"fcac1035-a9e9-418f-9753-0dbc1ce57fad","method":"GET","route":"/api/csrf-token","status":200,"durationMs":6,"orgId":null,"userId":1,"errorCode":null}}
{"timestamp":"2026-07-29T10:38:38.773Z","level":"info","message":"HTTP request completed","meta":{"requestId":"e0ba3d73-054d-45a8-8605-c19d67d87214","method":"POST","route":"/api/purchase-requisitions/1223/convert","status":201,"durationMs":31,"orgId":null,"userId":1,"errorCode":null}}
{"timestamp":"2026-07-29T10:38:38.781Z","level":"info","message":"HTTP request completed","meta":{"requestId":"f915dec4-1c9b-41e5-9037-693c55a5a49c","method":"GET","route":"/api/csrf-token","status":200,"durationMs":7,"orgId":null,"userId":1,"errorCode":null}}
{"timestamp":"2026-07-29T10:38:38.810Z","level":"info","message":"HTTP request completed","meta":{"requestId":"dfcc3d38-aebf-4547-90de-9c0fefa571bd","method":"POST","route":"/api/purchase-requisitions","status":201,"durationMs":28,"orgId":null,"userId":1,"errorCode":null}}
{"timestamp":"2026-07-29T10:38:38.818Z","level":"info","message":"HTTP request completed","meta":{"requestId":"2e7531f7-d451-406d-9b88-411e0ae54598","method":"GET","route":"/api/csrf-token","status":200,"durationMs":7,"orgId":null,"userId":1,"errorCode":null}}
{"timestamp":"2026-07-29T10:38:38.837Z","level":"info","message":"HTTP request completed","meta":{"requestId":"6b459a32-8abf-4d1f-a3dc-db8f00cba75e","method":"POST","route":"/api/purchase-requisitions/1224/approve","status":200,"durationMs":18,"orgId":null,"userId":1,"errorCode":null}}
{"timestamp":"2026-07-29T10:38:38.844Z","level":"info","message":"HTTP request completed","meta":{"requestId":"9154dc0d-e354-4807-9211-52717f54badf","method":"GET","route":"/api/csrf-token","status":200,"durationMs":6,"orgId":null,"userId":1,"errorCode":null}}
{"timestamp":"2026-07-29T10:38:38.877Z","level":"info","message":"HTTP request completed","meta":{"requestId":"3ae84b6b-cc0c-46c7-9254-1674e04db6c6","method":"POST","route":"/api/purchase-requisitions/1224/convert","status":201,"durationMs":31,"orgId":null,"userId":1,"errorCode":null}}
{"timestamp":"2026-07-29T10:41:17.234Z","level":"info","message":"HTTP request completed","meta":{"requestId":"149b4644-2f88-4ea6-bdd7-e45af0420fdd","method":"GET","route":"/api/ready","status":200,"durationMs":3,"orgId":null,"userId":null,"errorCode":null}}
{"timestamp":"2026-07-29T10:41:17.280Z","level":"info","message":"HTTP request completed","meta":{"requestId":"d1fc132e-1ad0-4e17-a22c-ad9eb608dc11","method":"GET","route":"/api/csrf-token","status":200,"durationMs":30,"orgId":null,"userId":null,"errorCode":null}}
{"timestamp":"2026-07-29T10:41:17.403Z","level":"info","message":"HTTP request completed","meta":{"requestId":"8e39053f-1185-456c-8ce3-653ea4eb0aca","method":"POST","route":"/api/auth/login","status":200,"durationMs":112,"orgId":null,"userId":1,"errorCode":null}}
{"timestamp":"2026-07-29T10:41:17.415Z","level":"info","message":"HTTP request completed","meta":{"requestId":"bcaa58aa-f624-4ec2-8865-6db1abada1c7","method":"GET","route":"/api/csrf-token","status":200,"durationMs":9,"orgId":null,"userId":1,"errorCode":null}}
{"timestamp":"2026-07-29T10:41:17.506Z","level":"info","message":"HTTP request completed","meta":{"requestId":"4f575034-4c30-4772-872c-0736603f5efc","method":"POST","route":"/api/purchase-requisitions","status":201,"durationMs":87,"orgId":null,"userId":1,"errorCode":null}}
{"timestamp":"2026-07-29T10:41:17.515Z","level":"info","message":"HTTP request completed","meta":{"requestId":"a3c7d51b-08b9-48bd-b503-15efd02026d4","method":"GET","route":"/api/csrf-token","status":200,"durationMs":7,"orgId":null,"userId":1,"errorCode":null}}
{"timestamp":"2026-07-29T10:41:17.540Z","level":"info","message":"HTTP request completed","meta":{"requestId":"1bd422ba-9654-4a15-b509-13e11e604269","method":"POST","route":"/api/purchase-requisitions/1227/approve","status":200,"durationMs":23,"orgId":null,"userId":1,"errorCode":null}}
{"timestamp":"2026-07-29T10:41:17.549Z","level":"info","message":"HTTP request completed","meta":{"requestId":"a4d6ba9f-7693-4b51-9960-adb240c41b1d","method":"GET","route":"/api/csrf-token","status":200,"durationMs":8,"orgId":null,"userId":1,"errorCode":null}}
{"timestamp":"2026-07-29T10:41:17.619Z","level":"info","message":"HTTP request completed","meta":{"requestId":"be81dbbd-460a-449b-8d25-f4fb5358b831","method":"POST","route":"/api/purchase-requisitions/1227/convert","status":201,"durationMs":66,"orgId":null,"userId":1,"errorCode":null}}
{"timestamp":"2026-07-29T10:41:17.627Z","level":"info","message":"HTTP request completed","meta":{"requestId":"75c81a19-5e0b-450e-aa38-341e45c07c8c","method":"GET","route":"/api/csrf-token","status":200,"durationMs":6,"orgId":null,"userId":1,"errorCode":null}}
{"timestamp":"2026-07-29T10:41:17.662Z","level":"info","message":"HTTP request completed","meta":{"requestId":"90f06761-03c7-4cde-88c9-5d01098c894b","method":"POST","route":"/api/purchase-requisitions","status":201,"durationMs":32,"orgId":null,"userId":1,"errorCode":null}}
{"timestamp":"2026-07-29T10:41:17.671Z","level":"info","message":"HTTP request completed","meta":{"requestId":"6f07de21-d465-44a3-a9b2-2243252d2c31","method":"GET","route":"/api/csrf-token","status":200,"durationMs":8,"orgId":null,"userId":1,"errorCode":null}}
{"timestamp":"2026-07-29T10:41:17.693Z","level":"info","message":"HTTP request completed","meta":{"requestId":"8a8b6a48-9538-4aff-9f2e-3120b10cde92","method":"POST","route":"/api/purchase-requisitions/1228/approve","status":200,"durationMs":20,"orgId":null,"userId":1,"errorCode":null}}
{"timestamp":"2026-07-29T10:41:17.702Z","level":"info","message":"HTTP request completed","meta":{"requestId":"c4887483-90c9-4ab9-b8b5-83d456fb6113","method":"GET","route":"/api/csrf-token","status":200,"durationMs":8,"orgId":null,"userId":1,"errorCode":null}}
{"timestamp":"2026-07-29T10:41:17.740Z","level":"info","message":"HTTP request completed","meta":{"requestId":"2c82f357-9da0-46f2-8045-2b7ac16c8cf4","method":"POST","route":"/api/purchase-requisitions/1228/convert","status":201,"durationMs":35,"orgId":null,"userId":1,"errorCode":null}}
{"timestamp":"2026-07-29T10:41:17.748Z","level":"info","message":"HTTP request completed","meta":{"requestId":"5fa461cc-d889-403a-b6b4-c20c71b277c9","method":"GET","route":"/api/csrf-token","status":200,"durationMs":6,"orgId":null,"userId":1,"errorCode":null}}
{"timestamp":"2026-07-29T10:41:17.783Z","level":"info","message":"HTTP request completed","meta":{"requestId":"79018e3a-2fef-4140-b944-3f6fa8917fd4","method":"POST","route":"/api/purchase-requisitions","status":201,"durationMs":32,"orgId":null,"userId":1,"errorCode":null}}
{"timestamp":"2026-07-29T10:41:17.792Z","level":"info","message":"HTTP request completed","meta":{"requestId":"fb95b9de-3afd-4dcc-92eb-e39ee6eb7b53","method":"GET","route":"/api/csrf-token","status":200,"durationMs":7,"orgId":null,"userId":1,"errorCode":null}}
{"timestamp":"2026-07-29T10:41:17.811Z","level":"info","message":"HTTP request completed","meta":{"requestId":"3d067878-bc3e-48df-800e-6e8e8e2dc063","method":"POST","route":"/api/purchase-requisitions/1229/approve","status":200,"durationMs":17,"orgId":null,"userId":1,"errorCode":null}}
{"timestamp":"2026-07-29T10:41:17.819Z","level":"info","message":"HTTP request completed","meta":{"requestId":"e4ee8500-f643-4c74-acbb-cbfb3a4ffa82","method":"GET","route":"/api/csrf-token","status":200,"durationMs":7,"orgId":null,"userId":1,"errorCode":null}}
{"timestamp":"2026-07-29T10:41:17.853Z","level":"info","message":"HTTP request completed","meta":{"requestId":"091199d7-d287-40d9-821e-c815f764eb87","method":"POST","route":"/api/purchase-requisitions/1229/convert","status":201,"durationMs":32,"orgId":null,"userId":1,"errorCode":null}}
{"timestamp":"2026-07-29T10:41:17.862Z","level":"info","message":"HTTP request completed","meta":{"requestId":"99bd2328-ada1-4c5f-ba14-1a299851d198","method":"GET","route":"/api/csrf-token","status":200,"durationMs":8,"orgId":null,"userId":1,"errorCode":null}}
{"timestamp":"2026-07-29T10:41:17.892Z","level":"info","message":"HTTP request completed","meta":{"requestId":"6bc31dc9-e34f-4d2b-a87c-c8baa22ac149","method":"POST","route":"/api/purchase-requisitions","status":201,"durationMs":29,"orgId":null,"userId":1,"errorCode":null}}
{"timestamp":"2026-07-29T10:41:17.900Z","level":"info","message":"HTTP request completed","meta":{"requestId":"d9324fa1-8ad9-48ff-ae47-c6c0a32d426b","method":"GET","route":"/api/csrf-token","status":200,"durationMs":6,"orgId":null,"userId":1,"errorCode":null}}
{"timestamp":"2026-07-29T10:41:17.917Z","level":"info","message":"HTTP request completed","meta":{"requestId":"9e08ba74-d8d9-4e5c-a881-d62427737534","method":"POST","route":"/api/purchase-requisitions/1230/approve","status":200,"durationMs":15,"orgId":null,"userId":1,"errorCode":null}}
{"timestamp":"2026-07-29T10:41:17.925Z","level":"info","message":"HTTP request completed","meta":{"requestId":"7f358383-a96e-4a03-b057-bee2e9f2a9d7","method":"GET","route":"/api/csrf-token","status":200,"durationMs":6,"orgId":null,"userId":1,"errorCode":null}}
{"timestamp":"2026-07-29T10:41:17.960Z","level":"info","message":"HTTP request completed","meta":{"requestId":"172148b8-c59d-46c6-bd65-a5d8f8d5f293","method":"POST","route":"/api/purchase-requisitions/1230/convert","status":201,"durationMs":34,"orgId":null,"userId":1,"errorCode":null}}
{"timestamp":"2026-07-29T10:41:17.969Z","level":"info","message":"HTTP request completed","meta":{"requestId":"6f51db8d-ac3b-4593-9d63-46b2026f7137","method":"GET","route":"/api/csrf-token","status":200,"durationMs":8,"orgId":null,"userId":1,"errorCode":null}}
{"timestamp":"2026-07-29T10:41:18.002Z","level":"info","message":"HTTP request completed","meta":{"requestId":"12afd122-25e4-41b6-a412-b5ba7a220578","method":"POST","route":"/api/purchase-requisitions","status":201,"durationMs":31,"orgId":null,"userId":1,"errorCode":null}}
{"timestamp":"2026-07-29T10:41:18.011Z","level":"info","message":"HTTP request completed","meta":{"requestId":"15c8de8f-f023-4de2-8f07-b3773eb198d6","method":"GET","route":"/api/csrf-token","status":200,"durationMs":7,"orgId":null,"userId":1,"errorCode":null}}
{"timestamp":"2026-07-29T10:41:18.028Z","level":"info","message":"HTTP request completed","meta":{"requestId":"1930a564-6529-4492-b837-1653a6248d93","method":"POST","route":"/api/purchase-requisitions/1231/approve","status":200,"durationMs":16,"orgId":null,"userId":1,"errorCode":null}}
{"timestamp":"2026-07-29T10:41:18.035Z","level":"info","message":"HTTP request completed","meta":{"requestId":"39312562-d484-47c2-acd0-c2fd5e90ddec","method":"GET","route":"/api/csrf-token","status":200,"durationMs":6,"orgId":null,"userId":1,"errorCode":null}}
{"timestamp":"2026-07-29T10:41:18.077Z","level":"info","message":"HTTP request completed","meta":{"requestId":"b8eef3b2-73b9-4bad-a872-9530908a7b14","method":"POST","route":"/api/purchase-requisitions/1231/convert","status":201,"durationMs":40,"orgId":null,"userId":1,"errorCode":null}}
{"timestamp":"2026-07-29T10:41:18.101Z","level":"info","message":"HTTP request completed","meta":{"requestId":"d15783d8-d8ec-4383-b5fe-771fc8093d46","method":"GET","route":"/api/csrf-token","status":200,"durationMs":23,"orgId":null,"userId":1,"errorCode":null}}
{"timestamp":"2026-07-29T10:41:18.138Z","level":"info","message":"HTTP request completed","meta":{"requestId":"e31a0421-e827-4678-a8ff-fa02e57e0923","method":"POST","route":"/api/purchase-requisitions","status":201,"durationMs":36,"orgId":null,"userId":1,"errorCode":null}}
{"timestamp":"2026-07-29T10:41:18.147Z","level":"info","message":"HTTP request completed","meta":{"requestId":"b357347f-351a-4d6b-aec5-06b06aa553cf","method":"GET","route":"/api/csrf-token","status":200,"durationMs":7,"orgId":null,"userId":1,"errorCode":null}}
{"timestamp":"2026-07-29T10:41:18.169Z","level":"info","message":"HTTP request completed","meta":{"requestId":"49f01cf2-f5ca-4951-9082-b2c775a062fb","method":"POST","route":"/api/purchase-requisitions/1232/approve","status":200,"durationMs":19,"orgId":null,"userId":1,"errorCode":null}}
{"timestamp":"2026-07-29T10:41:18.178Z","level":"info","message":"HTTP request completed","meta":{"requestId":"16cb5f96-1fc9-48e1-8428-3effb7f1601c","method":"GET","route":"/api/csrf-token","status":200,"durationMs":8,"orgId":null,"userId":1,"errorCode":null}}
{"timestamp":"2026-07-29T10:41:18.226Z","level":"info","message":"HTTP request completed","meta":{"requestId":"2a0b0d57-f2b7-44d8-9ce1-72918307db57","method":"POST","route":"/api/purchase-requisitions/1232/convert","status":201,"durationMs":47,"orgId":null,"userId":1,"errorCode":null}}
{"timestamp":"2026-07-29T10:41:18.235Z","level":"info","message":"HTTP request completed","meta":{"requestId":"a9a0b856-9c79-4c2d-b645-80d1407d92f8","method":"GET","route":"/api/csrf-token","status":200,"durationMs":8,"orgId":null,"userId":1,"errorCode":null}}
{"timestamp":"2026-07-29T10:41:18.272Z","level":"info","message":"HTTP request completed","meta":{"requestId":"29878aa1-01d3-4fc5-a932-dad49dfdeaa3","method":"POST","route":"/api/purchase-requisitions","status":201,"durationMs":35,"orgId":null,"userId":1,"errorCode":null}}
{"timestamp":"2026-07-29T10:41:18.280Z","level":"info","message":"HTTP request completed","meta":{"requestId":"7f9e7917-d63c-4164-b368-7a2f83f9b9a4","method":"GET","route":"/api/csrf-token","status":200,"durationMs":6,"orgId":null,"userId":1,"errorCode":null}}
{"timestamp":"2026-07-29T10:41:18.299Z","level":"info","message":"HTTP request completed","meta":{"requestId":"15ad4321-4145-41d5-820c-72c99e874a8d","method":"POST","route":"/api/purchase-requisitions/1233/approve","status":200,"durationMs":17,"orgId":null,"userId":1,"errorCode":null}}
{"timestamp":"2026-07-29T10:41:18.306Z","level":"info","message":"HTTP request completed","meta":{"requestId":"cbe6ddc6-9ccb-4587-8535-57f3e7ad9845","method":"GET","route":"/api/csrf-token","status":200,"durationMs":6,"orgId":null,"userId":1,"errorCode":null}}
{"timestamp":"2026-07-29T10:41:18.345Z","level":"info","message":"HTTP request completed","meta":{"requestId":"72074c3f-738d-4aa8-a6a8-ddbab1caeef9","method":"POST","route":"/api/purchase-requisitions/1233/convert","status":201,"durationMs":37,"orgId":null,"userId":1,"errorCode":null}}
{"timestamp":"2026-07-29T10:41:18.354Z","level":"info","message":"HTTP request completed","meta":{"requestId":"2037f6b3-63e2-46d8-b8eb-ecfdf9514392","method":"GET","route":"/api/csrf-token","status":200,"durationMs":7,"orgId":null,"userId":1,"errorCode":null}}
{"timestamp":"2026-07-29T10:41:18.386Z","level":"info","message":"HTTP request completed","meta":{"requestId":"579b76a2-3a72-48d0-9341-e3223abcd37b","method":"POST","route":"/api/purchase-requisitions","status":201,"durationMs":30,"orgId":null,"userId":1,"errorCode":null}}
{"timestamp":"2026-07-29T10:41:18.394Z","level":"info","message":"HTTP request completed","meta":{"requestId":"2b7fe750-8e51-4137-a029-8f8fd3124e43","method":"GET","route":"/api/csrf-token","status":200,"durationMs":7,"orgId":null,"userId":1,"errorCode":null}}
{"timestamp":"2026-07-29T10:41:18.416Z","level":"info","message":"HTTP request completed","meta":{"requestId":"15916240-1b08-4e55-a19e-e9dabd1f84f0","method":"POST","route":"/api/purchase-requisitions/1234/approve","status":200,"durationMs":20,"orgId":null,"userId":1,"errorCode":null}}
{"timestamp":"2026-07-29T10:41:18.424Z","level":"info","message":"HTTP request completed","meta":{"requestId":"da5d7aba-72d5-4997-bf4b-98cc52e12774","method":"GET","route":"/api/csrf-token","status":200,"durationMs":7,"orgId":null,"userId":1,"errorCode":null}}
{"timestamp":"2026-07-29T10:41:18.462Z","level":"info","message":"HTTP request completed","meta":{"requestId":"138c8251-6cd8-4b9d-989f-d34d651682ac","method":"POST","route":"/api/purchase-requisitions/1234/convert","status":201,"durationMs":37,"orgId":null,"userId":1,"errorCode":null}}
{"timestamp":"2026-07-29T10:41:18.471Z","level":"info","message":"HTTP request completed","meta":{"requestId":"75b2bb18-0bc4-4d5b-8e07-426902eef299","method":"GET","route":"/api/csrf-token","status":200,"durationMs":8,"orgId":null,"userId":1,"errorCode":null}}
{"timestamp":"2026-07-29T10:41:18.507Z","level":"info","message":"HTTP request completed","meta":{"requestId":"7b43921f-907e-4be8-9eff-9ba94912222d","method":"POST","route":"/api/purchase-requisitions","status":201,"durationMs":35,"orgId":null,"userId":1,"errorCode":null}}
{"timestamp":"2026-07-29T10:41:18.515Z","level":"info","message":"HTTP request completed","meta":{"requestId":"d38f46cb-f801-4533-a735-04c022254e60","method":"GET","route":"/api/csrf-token","status":200,"durationMs":7,"orgId":null,"userId":1,"errorCode":null}}
{"timestamp":"2026-07-29T10:41:18.533Z","level":"info","message":"HTTP request completed","meta":{"requestId":"2b895d2b-69fd-4e4f-8bba-15bf19a4ca16","method":"POST","route":"/api/purchase-requisitions/1235/approve","status":200,"durationMs":16,"orgId":null,"userId":1,"errorCode":null}}
{"timestamp":"2026-07-29T10:41:18.542Z","level":"info","message":"HTTP request completed","meta":{"requestId":"c843ce4c-d097-42a9-b0d2-5cb09699f1fd","method":"GET","route":"/api/csrf-token","status":200,"durationMs":8,"orgId":null,"userId":1,"errorCode":null}}
{"timestamp":"2026-07-29T10:41:18.582Z","level":"info","message":"HTTP request completed","meta":{"requestId":"82eae5ab-9947-421d-b63c-91099d89837c","method":"POST","route":"/api/purchase-requisitions/1235/convert","status":201,"durationMs":39,"orgId":null,"userId":1,"errorCode":null}}
{"timestamp":"2026-07-29T10:41:18.591Z","level":"info","message":"HTTP request completed","meta":{"requestId":"9ab04e26-23b7-43a9-81f0-c728126a27c4","method":"GET","route":"/api/csrf-token","status":200,"durationMs":8,"orgId":null,"userId":1,"errorCode":null}}
{"timestamp":"2026-07-29T10:41:18.625Z","level":"info","message":"HTTP request completed","meta":{"requestId":"b9703d14-3264-4572-acaa-061611bfc0b9","method":"POST","route":"/api/purchase-requisitions","status":201,"durationMs":32,"orgId":null,"userId":1,"errorCode":null}}
{"timestamp":"2026-07-29T10:41:18.634Z","level":"info","message":"HTTP request completed","meta":{"requestId":"95e3f7d0-9907-4c6b-b213-6f37d25f70c6","method":"GET","route":"/api/csrf-token","status":200,"durationMs":8,"orgId":null,"userId":1,"errorCode":null}}
{"timestamp":"2026-07-29T10:41:18.654Z","level":"info","message":"HTTP request completed","meta":{"requestId":"0aea457f-7c99-4d27-80fc-318f25d250d1","method":"POST","route":"/api/purchase-requisitions/1236/approve","status":200,"durationMs":18,"orgId":null,"userId":1,"errorCode":null}}
{"timestamp":"2026-07-29T10:41:18.663Z","level":"info","message":"HTTP request completed","meta":{"requestId":"9ae83d5f-0767-4320-90ba-10f53fc993a6","method":"GET","route":"/api/csrf-token","status":200,"durationMs":7,"orgId":null,"userId":1,"errorCode":null}}
{"timestamp":"2026-07-29T10:41:18.700Z","level":"info","message":"HTTP request completed","meta":{"requestId":"08e02cbb-6088-4ac5-8e75-6395c9aa2766","method":"POST","route":"/api/purchase-requisitions/1236/convert","status":201,"durationMs":36,"orgId":null,"userId":1,"errorCode":null}}
{"timestamp":"2026-07-29T10:41:18.709Z","level":"info","message":"HTTP request completed","meta":{"requestId":"ab39f125-c43d-4de6-a35e-5d07bbd59c5d","method":"GET","route":"/api/csrf-token","status":200,"durationMs":7,"orgId":null,"userId":1,"errorCode":null}}
{"timestamp":"2026-07-29T10:41:18.742Z","level":"info","message":"HTTP request completed","meta":{"requestId":"9145e6b9-a82a-4ccc-ac41-579246f68d8e","method":"POST","route":"/api/purchase-requisitions","status":201,"durationMs":31,"orgId":null,"userId":1,"errorCode":null}}
{"timestamp":"2026-07-29T10:41:18.751Z","level":"info","message":"HTTP request completed","meta":{"requestId":"cddbf343-2066-48e3-8c98-8406b9299e7c","method":"GET","route":"/api/csrf-token","status":200,"durationMs":8,"orgId":null,"userId":1,"errorCode":null}}
{"timestamp":"2026-07-29T10:41:18.768Z","level":"info","message":"HTTP request completed","meta":{"requestId":"73222b47-a9d3-45eb-9497-89304c260a52","method":"POST","route":"/api/purchase-requisitions/1237/approve","status":200,"durationMs":16,"orgId":null,"userId":1,"errorCode":null}}
{"timestamp":"2026-07-29T10:41:18.775Z","level":"info","message":"HTTP request completed","meta":{"requestId":"9a81d331-cc9d-4f74-8030-657a1910dd57","method":"GET","route":"/api/csrf-token","status":200,"durationMs":6,"orgId":null,"userId":1,"errorCode":null}}
{"timestamp":"2026-07-29T10:41:18.818Z","level":"info","message":"HTTP request completed","meta":{"requestId":"891dbee3-789a-48f4-a1e2-2d185132b07e","method":"POST","route":"/api/purchase-requisitions/1237/convert","status":201,"durationMs":42,"orgId":null,"userId":1,"errorCode":null}}
{"timestamp":"2026-07-29T10:41:18.826Z","level":"info","message":"HTTP request completed","meta":{"requestId":"87ede531-6bc9-4b4d-9dff-2bdc8835d7eb","method":"GET","route":"/api/csrf-token","status":200,"durationMs":7,"orgId":null,"userId":1,"errorCode":null}}
{"timestamp":"2026-07-29T10:41:18.865Z","level":"info","message":"HTTP request completed","meta":{"requestId":"7c2aed07-c03a-40ef-8a9e-33417b5feb40","method":"POST","route":"/api/purchase-requisitions","status":201,"durationMs":37,"orgId":null,"userId":1,"errorCode":null}}
{"timestamp":"2026-07-29T10:41:18.874Z","level":"info","message":"HTTP request completed","meta":{"requestId":"e8c4ea5f-08d2-4d06-a205-2c4f1d6914cb","method":"GET","route":"/api/csrf-token","status":200,"durationMs":8,"orgId":null,"userId":1,"errorCode":null}}
{"timestamp":"2026-07-29T10:41:18.892Z","level":"info","message":"HTTP request completed","meta":{"requestId":"26bb607e-a11b-4f3c-9343-386e6bf50b16","method":"POST","route":"/api/purchase-requisitions/1238/approve","status":200,"durationMs":17,"orgId":null,"userId":1,"errorCode":null}}
{"timestamp":"2026-07-29T10:41:18.901Z","level":"info","message":"HTTP request completed","meta":{"requestId":"52325037-d0b7-421b-98f2-9b70a6261f8d","method":"GET","route":"/api/csrf-token","status":200,"durationMs":7,"orgId":null,"userId":1,"errorCode":null}}
{"timestamp":"2026-07-29T10:41:18.941Z","level":"info","message":"HTTP request completed","meta":{"requestId":"96f22508-de32-4447-9454-d11f60ffdf80","method":"POST","route":"/api/purchase-requisitions/1238/convert","status":201,"durationMs":38,"orgId":null,"userId":1,"errorCode":null}}
{"timestamp":"2026-07-29T10:41:18.949Z","level":"info","message":"HTTP request completed","meta":{"requestId":"3a0cd796-43d4-4e75-a019-ec53ba43570b","method":"GET","route":"/api/csrf-token","status":200,"durationMs":6,"orgId":null,"userId":1,"errorCode":null}}
{"timestamp":"2026-07-29T10:41:18.985Z","level":"info","message":"HTTP request completed","meta":{"requestId":"b68202f5-78c2-44e0-a960-d8a4a72fce3d","method":"POST","route":"/api/purchase-requisitions","status":201,"durationMs":35,"orgId":null,"userId":1,"errorCode":null}}
{"timestamp":"2026-07-29T10:41:18.993Z","level":"info","message":"HTTP request completed","meta":{"requestId":"4179149c-49cc-4317-b5dd-7051da796a22","method":"GET","route":"/api/csrf-token","status":200,"durationMs":7,"orgId":null,"userId":1,"errorCode":null}}
{"timestamp":"2026-07-29T10:41:19.012Z","level":"info","message":"HTTP request completed","meta":{"requestId":"ca7c9338-30aa-4fc3-9d35-7840e1df5e7d","method":"POST","route":"/api/purchase-requisitions/1239/approve","status":200,"durationMs":18,"orgId":null,"userId":1,"errorCode":null}}
{"timestamp":"2026-07-29T10:41:19.021Z","level":"info","message":"HTTP request completed","meta":{"requestId":"269f7997-0730-43db-b23d-fd87414475f2","method":"GET","route":"/api/csrf-token","status":200,"durationMs":8,"orgId":null,"userId":1,"errorCode":null}}
{"timestamp":"2026-07-29T10:41:19.059Z","level":"info","message":"HTTP request completed","meta":{"requestId":"5afd6de8-11ca-479c-afca-fea16f1e4d01","method":"POST","route":"/api/purchase-requisitions/1239/convert","status":201,"durationMs":36,"orgId":null,"userId":1,"errorCode":null}}
Cleanup complete. Active clients: 0
{"timestamp":"2026-07-29T10:45:34.231Z","level":"info","message":"HTTP request completed","meta":{"requestId":"1f242651-26c5-4fb4-8b80-9b05276cbff3","method":"GET","route":"/api/ready","status":200,"durationMs":3,"orgId":null,"userId":null,"errorCode":null}}
{"timestamp":"2026-07-29T10:45:34.238Z","level":"info","message":"HTTP request completed","meta":{"requestId":"61e066af-7fb7-4945-bd70-9188a8927cc4","method":"GET","route":"/api/user","status":401,"durationMs":1,"orgId":null,"userId":null,"errorCode":null}}
{"timestamp":"2026-07-29T10:45:34.472Z","level":"info","message":"HTTP request completed","meta":{"requestId":"a393be9b-f019-4b81-a0f2-37ef199c4bec","method":"GET","route":"/api/csrf-token","status":200,"durationMs":23,"orgId":null,"userId":null,"errorCode":null}}
{"timestamp":"2026-07-29T10:45:34.553Z","level":"info","message":"HTTP request completed","meta":{"requestId":"9ebec046-ffe7-4ecc-8de9-503bee11df85","method":"POST","route":"/api/login","status":200,"durationMs":76,"orgId":null,"userId":1,"errorCode":null}}
{"timestamp":"2026-07-29T10:45:34.572Z","level":"info","message":"HTTP request completed","meta":{"requestId":"de717fe3-a90d-460a-b122-05b4063fbf07","method":"GET","route":"/api/ready","status":200,"durationMs":15,"orgId":null,"userId":1,"errorCode":null}}
{"timestamp":"2026-07-29T10:45:34.641Z","level":"info","message":"HTTP request completed","meta":{"requestId":"9d38723c-3403-4701-ad92-ccde45ead0e8","method":"GET","route":"/api/release-scope","status":200,"durationMs":22,"orgId":null,"userId":1,"errorCode":null}}
[SETUP_STATUS] summary requestId=420238a0-43d1-43ee-9bc4-cc6faa080a31 userId=1 orgId=1 health=ok firstCode=OK criticalCount=0 warningCount=0
{"timestamp":"2026-07-29T10:45:34.677Z","level":"info","message":"HTTP request completed","meta":{"requestId":"420238a0-43d1-43ee-9bc4-cc6faa080a31","method":"GET","route":"/api/setup/status","status":200,"durationMs":60,"orgId":null,"userId":1,"errorCode":null}}
{"timestamp":"2026-07-29T10:45:34.918Z","level":"info","message":"HTTP request completed","meta":{"requestId":"983b0f2e-5e02-454a-9eab-f6f3ab27f532","method":"GET","route":"/api/notifications","status":200,"durationMs":297,"orgId":null,"userId":1,"errorCode":null}}
{"timestamp":"2026-07-29T10:45:35.012Z","level":"info","message":"HTTP request completed","meta":{"requestId":"9782b51c-dda1-4eb1-865d-ccfa803fa82c","method":"GET","route":"/api/suppliers","status":200,"durationMs":388,"orgId":null,"userId":1,"errorCode":null}}
{"timestamp":"2026-07-29T10:45:35.994Z","level":"info","message":"HTTP request completed","meta":{"requestId":"6275f068-e6a7-4a98-b1e5-f155d2c441ed","method":"GET","route":"/api/ready","status":200,"durationMs":11,"orgId":null,"userId":1,"errorCode":null}}
{"timestamp":"2026-07-29T10:45:36.020Z","level":"info","message":"HTTP request completed","meta":{"requestId":"12c5e9b3-9ca9-4307-bf31-48c74475a114","method":"GET","route":"/api/release-scope","status":200,"durationMs":17,"orgId":null,"userId":1,"errorCode":null}}
{"timestamp":"2026-07-29T10:45:36.062Z","level":"info","message":"HTTP request completed","meta":{"requestId":"ba40976c-6eaa-427a-aa5e-4c5dc8c863db","method":"GET","route":"/api/user","status":200,"durationMs":55,"orgId":null,"userId":1,"errorCode":null}}
{"timestamp":"2026-07-29T10:45:36.083Z","level":"info","message":"HTTP request completed","meta":{"requestId":"9aad1b87-2223-438d-9a1c-a05f115c351e","method":"GET","route":"/api/suppliers","status":200,"durationMs":79,"orgId":null,"userId":1,"errorCode":null}}
{"timestamp":"2026-07-29T10:45:36.108Z","level":"info","message":"HTTP request completed","meta":{"requestId":"a0767433-f5dd-4e0e-8d0d-f0393b3067d8","method":"GET","route":"/api/inventory","status":200,"durationMs":102,"orgId":null,"userId":1,"errorCode":null}}
{"timestamp":"2026-07-29T10:45:36.246Z","level":"info","message":"HTTP request completed","meta":{"requestId":"65199208-551c-4ad0-90d6-8023d9da4c75","method":"GET","route":"/api/notifications","status":200,"durationMs":19,"orgId":null,"userId":1,"errorCode":null}}
[SETUP_STATUS] summary requestId=a2f9c1bd-22d6-45c9-bdb2-d4400bcbe919 userId=1 orgId=1 health=ok firstCode=OK criticalCount=0 warningCount=0
{"timestamp":"2026-07-29T10:45:36.280Z","level":"info","message":"HTTP request completed","meta":{"requestId":"a2f9c1bd-22d6-45c9-bdb2-d4400bcbe919","method":"GET","route":"/api/setup/status","status":200,"durationMs":54,"orgId":null,"userId":1,"errorCode":null}}
{"timestamp":"2026-07-29T10:45:37.104Z","level":"info","message":"HTTP request completed","meta":{"requestId":"77c7c4c9-5466-4ce1-bd7b-3e4816ffa95f","method":"GET","route":"/api/csrf-token","status":200,"durationMs":10,"orgId":null,"userId":1,"errorCode":null}}
{"timestamp":"2026-07-29T10:45:37.236Z","level":"info","message":"HTTP request completed","meta":{"requestId":"e71133bd-3e8e-4247-9f69-cc152c021280","method":"GET","route":"/api/settings","status":200,"durationMs":83,"orgId":null,"userId":1,"errorCode":null}}
{"timestamp":"2026-07-29T10:45:37.258Z","level":"info","message":"HTTP request completed","meta":{"requestId":"82d007a3-8d44-43f9-a0ed-4d768971ca8e","method":"GET","route":"/api/inventory/low-stock","status":200,"durationMs":102,"orgId":null,"userId":1,"errorCode":null}}
{"timestamp":"2026-07-29T10:45:37.260Z","level":"info","message":"HTTP request completed","meta":{"requestId":"9cbd90ec-5ddb-4215-a511-87872f5a513c","method":"GET","route":"/api/inventory/stats","status":200,"durationMs":100,"orgId":null,"userId":1,"errorCode":null}}
{"timestamp":"2026-07-29T10:45:37.285Z","level":"info","message":"HTTP request completed","meta":{"requestId":"846b8cfc-0e7f-424f-93c9-751fdceb403d","method":"GET","route":"/api/categories","status":200,"durationMs":126,"orgId":null,"userId":1,"errorCode":null}}
{"timestamp":"2026-07-29T10:45:37.286Z","level":"info","message":"HTTP request completed","meta":{"requestId":"a80a484d-aff0-4588-b693-eabfaced6d95","method":"GET","route":"/api/warehouses","status":200,"durationMs":124,"orgId":null,"userId":1,"errorCode":null}}
{"timestamp":"2026-07-29T10:45:37.319Z","level":"info","message":"HTTP request completed","meta":{"requestId":"39713ba3-a970-482c-8342-8bce8f568fa8","method":"GET","route":"/api/inventory","status":200,"durationMs":165,"orgId":null,"userId":1,"errorCode":null}}
{"timestamp":"2026-07-29T10:45:37.512Z","level":"info","message":"HTTP request completed","meta":{"requestId":"fb611a70-eeb2-479b-9bbd-bd333898105f","method":"GET","route":"/api/suppliers","status":200,"durationMs":231,"orgId":null,"userId":1,"errorCode":null}}
{"timestamp":"2026-07-29T10:45:37.517Z","level":"info","message":"HTTP request completed","meta":{"requestId":"60c8d863-e79f-4a82-8238-393079510fe1","method":"GET","route":"/api/procurement/purchase-orders/records","status":200,"durationMs":216,"orgId":null,"userId":1,"errorCode":null}}
{"timestamp":"2026-07-29T10:45:37.518Z","level":"info","message":"HTTP request completed","meta":{"requestId":"bcee0baf-43ee-4fca-a89f-964df769c3a1","method":"GET","route":"/api/purchase-requisitions","status":200,"durationMs":215,"orgId":null,"userId":1,"errorCode":null}}
{"timestamp":"2026-07-29T10:45:37.522Z","level":"info","message":"HTTP request completed","meta":{"requestId":"a03593dd-3add-4071-bda2-86055a680578","method":"GET","route":"/api/reorder-requests","status":200,"durationMs":208,"orgId":null,"userId":1,"errorCode":null}}
{"timestamp":"2026-07-29T10:45:37.524Z","level":"info","message":"HTTP request completed","meta":{"requestId":"8cd25e8c-32df-4215-90d7-ad87273bc5ad","method":"GET","route":"/api/extensions/projects","status":200,"durationMs":209,"orgId":null,"userId":1,"errorCode":null}}
{"timestamp":"2026-07-29T10:45:37.575Z","level":"info","message":"HTTP request completed","meta":{"requestId":"5d2f4507-4d84-431b-b098-a1dc3c8ac220","method":"POST","route":"/api/reports/preview","status":200,"durationMs":213,"orgId":null,"userId":1,"errorCode":null}}
{"timestamp":"2026-07-29T10:45:40.064Z","level":"info","message":"HTTP request completed","meta":{"requestId":"f6d786ec-587e-4869-8430-7c0c0d758de3","method":"GET","route":"/api/ready","status":200,"durationMs":10,"orgId":null,"userId":1,"errorCode":null}}
{"timestamp":"2026-07-29T10:45:40.084Z","level":"info","message":"HTTP request completed","meta":{"requestId":"6bcf15bf-d9c4-4c95-a0ab-1425f03e8e8e","method":"GET","route":"/api/release-scope","status":200,"durationMs":15,"orgId":null,"userId":1,"errorCode":null}}
{"timestamp":"2026-07-29T10:45:40.088Z","level":"info","message":"HTTP request completed","meta":{"requestId":"ed11978a-d945-49b4-a65b-ea47cbfb9ca1","method":"GET","route":"/api/user","status":200,"durationMs":15,"orgId":null,"userId":1,"errorCode":null}}
{"timestamp":"2026-07-29T10:45:40.183Z","level":"info","message":"HTTP request completed","meta":{"requestId":"b6d1c91c-a548-47b4-8f05-6c320de6b034","method":"GET","route":"/api/suppliers","status":200,"durationMs":113,"orgId":null,"userId":1,"errorCode":null}}
{"timestamp":"2026-07-29T10:45:40.199Z","level":"info","message":"HTTP request completed","meta":{"requestId":"cd302443-7011-49fb-aa5a-347dba872184","method":"GET","route":"/api/inventory","status":200,"durationMs":127,"orgId":null,"userId":1,"errorCode":null}}
{"timestamp":"2026-07-29T10:45:40.214Z","level":"info","message":"HTTP request completed","meta":{"requestId":"00f794b0-dbed-4486-bfae-1d2712b97644","method":"GET","route":"/api/notifications","status":200,"durationMs":32,"orgId":null,"userId":1,"errorCode":null}}
[SETUP_STATUS] summary requestId=68ca78f0-2be3-4a50-9f29-3d9960f49555 userId=1 orgId=1 health=ok firstCode=OK criticalCount=0 warningCount=0
{"timestamp":"2026-07-29T10:45:40.246Z","level":"info","message":"HTTP request completed","meta":{"requestId":"68ca78f0-2be3-4a50-9f29-3d9960f49555","method":"GET","route":"/api/setup/status","status":200,"durationMs":63,"orgId":null,"userId":1,"errorCode":null}}
{"timestamp":"2026-07-29T10:45:40.789Z","level":"info","message":"HTTP request completed","meta":{"requestId":"b51512b3-1728-4028-b0da-e6eddb775888","method":"GET","route":"/api/diagnostics/findings","status":200,"durationMs":170,"orgId":null,"userId":1,"errorCode":null}}
{"timestamp":"2026-07-29T10:45:40.921Z","level":"info","message":"HTTP request completed","meta":{"requestId":"324ab27d-6edf-4fe6-9888-b6179588c543","method":"GET","route":"/api/diagnostics/summary","status":200,"durationMs":301,"orgId":null,"userId":1,"errorCode":null}}
{"timestamp":"2026-07-29T10:45:44.070Z","level":"info","message":"HTTP request completed","meta":{"requestId":"985029ff-6ab7-43c3-88a6-c9bc3e6977cf","method":"GET","route":"/api/ready","status":200,"durationMs":10,"orgId":null,"userId":1,"errorCode":null}}
{"timestamp":"2026-07-29T10:45:44.090Z","level":"info","message":"HTTP request completed","meta":{"requestId":"3578b679-37d5-4c46-9644-9ab2b4ae7f4b","method":"GET","route":"/api/release-scope","status":200,"durationMs":19,"orgId":null,"userId":1,"errorCode":null}}
{"timestamp":"2026-07-29T10:45:44.096Z","level":"info","message":"HTTP request completed","meta":{"requestId":"9e8653cc-9d77-48e5-a112-9a4d185f3ad0","method":"GET","route":"/api/user","status":200,"durationMs":20,"orgId":null,"userId":1,"errorCode":null}}
{"timestamp":"2026-07-29T10:45:44.181Z","level":"info","message":"HTTP request completed","meta":{"requestId":"cde19a15-40b3-42d9-bd9f-3847daa1794a","method":"GET","route":"/api/suppliers","status":200,"durationMs":108,"orgId":null,"userId":1,"errorCode":null}}
{"timestamp":"2026-07-29T10:45:44.208Z","level":"info","message":"HTTP request completed","meta":{"requestId":"75fe4e77-c573-4db7-8c90-746089a7478e","method":"GET","route":"/api/inventory","status":200,"durationMs":134,"orgId":null,"userId":1,"errorCode":null}}
{"timestamp":"2026-07-29T10:45:44.229Z","level":"info","message":"HTTP request completed","meta":{"requestId":"87ae3198-9754-47f7-9256-6361a313efbf","method":"GET","route":"/api/notifications","status":200,"durationMs":22,"orgId":null,"userId":1,"errorCode":null}}
[SETUP_STATUS] summary requestId=e3c835ef-54ec-4cef-9637-969f758f0458 userId=1 orgId=1 health=ok firstCode=OK criticalCount=0 warningCount=0
{"timestamp":"2026-07-29T10:45:44.264Z","level":"info","message":"HTTP request completed","meta":{"requestId":"e3c835ef-54ec-4cef-9637-969f758f0458","method":"GET","route":"/api/setup/status","status":200,"durationMs":58,"orgId":null,"userId":1,"errorCode":null}}
{"timestamp":"2026-07-29T10:45:44.528Z","level":"info","message":"HTTP request completed","meta":{"requestId":"4a353af0-e833-4d7d-83e4-eae53b7432eb","method":"GET","route":"/api/users","status":200,"durationMs":14,"orgId":null,"userId":1,"errorCode":null}}
{"timestamp":"2026-07-29T10:45:44.531Z","level":"info","message":"HTTP request completed","meta":{"requestId":"a11c9619-aea0-490a-921d-59493d3d1ba5","method":"GET","route":"/api/approval-policies","status":200,"durationMs":18,"orgId":null,"userId":1,"errorCode":null}}
{"timestamp":"2026-07-29T10:46:20.641Z","level":"info","message":"HTTP request completed","meta":{"requestId":"24b59b21-e03b-496b-bb90-bd2846431249","method":"GET","route":"/api/ready","status":200,"durationMs":4,"orgId":null,"userId":null,"errorCode":null}}
{"timestamp":"2026-07-29T10:46:20.673Z","level":"info","message":"HTTP request completed","meta":{"requestId":"129aac02-fa5d-4d5c-b123-2585a758429d","method":"GET","route":"/api/csrf-token","status":200,"durationMs":7,"orgId":null,"userId":null,"errorCode":null}}
{"timestamp":"2026-07-29T10:46:20.806Z","level":"info","message":"HTTP request completed","meta":{"requestId":"daa661a3-80da-400b-ad91-f9c0a19217b9","method":"POST","route":"/api/login","status":200,"durationMs":123,"orgId":null,"userId":1,"errorCode":null}}
{"timestamp":"2026-07-29T10:46:21.002Z","level":"info","message":"HTTP request completed","meta":{"requestId":"5d27de6a-de08-4d8b-9612-1b0f669cd388","method":"GET","route":"/api/purchase/orders/PO-FQA-001","status":200,"durationMs":31,"orgId":null,"userId":1,"errorCode":null}}
{"timestamp":"2026-07-29T10:46:21.016Z","level":"info","message":"HTTP request completed","meta":{"requestId":"329ac3e6-e3ed-4136-9847-fa933ca9f68c","method":"GET","route":"/api/purchase/orders/PO-FQA-001","status":200,"durationMs":12,"orgId":null,"userId":1,"errorCode":null}}
{"timestamp":"2026-07-29T10:46:21.025Z","level":"info","message":"HTTP request completed","meta":{"requestId":"8dad999a-87d7-4219-9a7b-14dbad9acff0","method":"GET","route":"/api/csrf-token","status":200,"durationMs":6,"orgId":null,"userId":1,"errorCode":null}}
{"timestamp":"2026-07-29T10:46:21.103Z","level":"info","message":"HTTP request completed","meta":{"requestId":"532d7e54-eab7-4563-b129-bcbf6cea0d77","method":"POST","route":"/api/purchase/orders/PO-FQA-001/approve","status":200,"durationMs":76,"orgId":null,"userId":1,"errorCode":null}}
{"timestamp":"2026-07-29T10:46:21.112Z","level":"info","message":"HTTP request completed","meta":{"requestId":"dcb55ad3-b9b3-42ec-a819-ca2965ed2740","method":"GET","route":"/api/csrf-token","status":200,"durationMs":8,"orgId":null,"userId":1,"errorCode":null}}
{"timestamp":"2026-07-29T10:46:21.133Z","level":"info","message":"HTTP request completed","meta":{"requestId":"82bf7a24-775b-4c2b-b4ac-a8a0ef0ec431","method":"POST","route":"/api/purchase/orders/PO-FQA-001/send","status":200,"durationMs":19,"orgId":null,"userId":1,"errorCode":null}}
{"timestamp":"2026-07-29T10:46:21.146Z","level":"info","message":"HTTP request completed","meta":{"requestId":"932c755d-1376-43ab-aa5a-0a3b00fba942","method":"GET","route":"/api/csrf-token","status":200,"durationMs":8,"orgId":null,"userId":1,"errorCode":null}}
{"timestamp":"2026-07-29T10:46:21.158Z","level":"info","message":"HTTP request completed","meta":{"requestId":"8e9c7219-2a47-4f3c-95e1-6ad9ec242654","method":"POST","route":"/api/purchase/orders/PO-FQA-001/send","status":400,"durationMs":10,"orgId":null,"userId":1,"errorCode":null}}
{"timestamp":"2026-07-29T10:46:21.168Z","level":"info","message":"HTTP request completed","meta":{"requestId":"4c7670c7-27d5-4896-9b44-5d20ab95434a","method":"GET","route":"/api/csrf-token","status":200,"durationMs":8,"orgId":null,"userId":1,"errorCode":null}}
{"timestamp":"2026-07-29T10:46:21.178Z","level":"info","message":"HTTP request completed","meta":{"requestId":"25fab72b-0672-4d62-9d04-c1ca599ee1d3","method":"POST","route":"/api/purchase/orders/PO-FQA-001/send","status":400,"durationMs":9,"orgId":null,"userId":1,"errorCode":null}}
{"timestamp":"2026-07-29T10:46:21.182Z","level":"info","message":"HTTP request completed","meta":{"requestId":"e4991df6-dd73-495a-a785-2043d1bfd0e8","method":"GET","route":"/api/csrf-token","status":200,"durationMs":3,"orgId":null,"userId":null,"errorCode":null}}
{"timestamp":"2026-07-29T10:46:21.266Z","level":"info","message":"HTTP request completed","meta":{"requestId":"bd24a29c-7136-4414-9277-f8b04e35cb01","method":"POST","route":"/api/login","status":200,"durationMs":82,"orgId":null,"userId":3,"errorCode":null}}
{"timestamp":"2026-07-29T10:46:21.279Z","level":"info","message":"HTTP request completed","meta":{"requestId":"1bbc5adc-4db1-4403-a7d2-ee8f002570e0","method":"GET","route":"/api/csrf-token","status":200,"durationMs":9,"orgId":null,"userId":3,"errorCode":null}}
{"timestamp":"2026-07-29T10:46:21.293Z","level":"info","message":"HTTP request completed","meta":{"requestId":"59fc30d1-c28d-40df-95ba-50704465eae9","method":"POST","route":"/api/purchase/orders/PO-FQA-001/approve","status":403,"durationMs":12,"orgId":null,"userId":3,"errorCode":null}}
{"timestamp":"2026-07-29T10:46:21.298Z","level":"info","message":"HTTP request completed","meta":{"requestId":"f98369b5-06ec-48f9-bbe3-9ca8413ce220","method":"GET","route":"/api/csrf-token","status":200,"durationMs":4,"orgId":null,"userId":null,"errorCode":null}}
{"timestamp":"2026-07-29T10:46:21.378Z","level":"info","message":"HTTP request completed","meta":{"requestId":"d3ff4db4-4974-449d-92e1-b97405928451","method":"POST","route":"/api/login","status":200,"durationMs":77,"orgId":null,"userId":4,"errorCode":null}}
{"timestamp":"2026-07-29T10:46:21.386Z","level":"info","message":"HTTP request completed","meta":{"requestId":"a664fa9e-d1e7-48d1-b1c7-2bf27f2a21e3","method":"GET","route":"/api/csrf-token","status":200,"durationMs":5,"orgId":null,"userId":4,"errorCode":null}}
{"timestamp":"2026-07-29T10:46:21.396Z","level":"info","message":"HTTP request completed","meta":{"requestId":"baff593d-68c4-4544-963f-c48fd396ed0e","method":"POST","route":"/api/purchase/orders/PO-FQA-001/approve","status":403,"durationMs":8,"orgId":null,"userId":4,"errorCode":null}}
{"timestamp":"2026-07-29T10:46:21.400Z","level":"info","message":"HTTP request completed","meta":{"requestId":"cf168a1f-8139-45f5-97f5-a35a40d1f2bc","method":"GET","route":"/api/csrf-token","status":200,"durationMs":2,"orgId":null,"userId":null,"errorCode":null}}
{"timestamp":"2026-07-29T10:46:21.466Z","level":"info","message":"HTTP request completed","meta":{"requestId":"8e26b1ce-8e18-4fcc-96a1-0896b45a1f1d","method":"POST","route":"/api/login","status":200,"durationMs":65,"orgId":null,"userId":2,"errorCode":null}}
{"timestamp":"2026-07-29T10:46:21.475Z","level":"info","message":"HTTP request completed","meta":{"requestId":"e7220c97-67f3-4676-950e-3d22838aede3","method":"GET","route":"/api/csrf-token","status":200,"durationMs":7,"orgId":null,"userId":2,"errorCode":null}}
{"timestamp":"2026-07-29T10:46:21.518Z","level":"info","message":"HTTP request completed","meta":{"requestId":"abc4dfa2-6ed0-46b4-aec3-ced8a387beed","method":"POST","route":"/api/purchase/orders/PO-FQA-001/approve","status":200,"durationMs":42,"orgId":null,"userId":2,"errorCode":null}}
{"timestamp":"2026-07-29T10:46:21.522Z","level":"info","message":"HTTP request completed","meta":{"requestId":"c33512bf-aef9-460c-bafd-0d9ea89be39f","method":"GET","route":"/api/csrf-token","status":200,"durationMs":3,"orgId":null,"userId":null,"errorCode":null}}
{"timestamp":"2026-07-29T10:46:21.583Z","level":"info","message":"HTTP request completed","meta":{"requestId":"a8caadc6-c221-455a-b07c-159cecf62d45","method":"POST","route":"/api/login","status":200,"durationMs":60,"orgId":null,"userId":1,"errorCode":null}}
{"timestamp":"2026-07-29T10:46:21.640Z","level":"info","message":"HTTP request completed","meta":{"requestId":"6ee5a684-c7d0-4b72-9b0f-4db84476a902","method":"GET","route":"/api/procurement/purchase-orders/records","status":200,"durationMs":56,"orgId":null,"userId":1,"errorCode":null}}
{"timestamp":"2026-07-29T10:46:21.665Z","level":"info","message":"HTTP request completed","meta":{"requestId":"cbe5f0bd-ba75-4527-9143-72b12dfbc7be","method":"GET","route":"/api/purchase/orders/PO-FQA-002","status":200,"durationMs":10,"orgId":null,"userId":1,"errorCode":null}}
{"timestamp":"2026-07-29T10:46:21.673Z","level":"info","message":"HTTP request completed","meta":{"requestId":"ac0ba520-00c4-4a59-b43a-2d440d74759f","method":"GET","route":"/api/csrf-token","status":200,"durationMs":7,"orgId":null,"userId":1,"errorCode":null}}
{"timestamp":"2026-07-29T10:46:21.695Z","level":"info","message":"HTTP request completed","meta":{"requestId":"cf76d176-b65c-4d8a-a3ff-7ed409625826","method":"PUT","route":"/api/purchase-orders/5","status":409,"durationMs":21,"orgId":null,"userId":1,"errorCode":null}}
{"timestamp":"2026-07-29T10:46:21.702Z","level":"info","message":"HTTP request completed","meta":{"requestId":"fc2e4968-0659-4fc2-a130-8ba7ffd8534e","method":"GET","route":"/api/csrf-token","status":200,"durationMs":6,"orgId":null,"userId":1,"errorCode":null}}
{"timestamp":"2026-07-29T10:46:21.718Z","level":"info","message":"HTTP request completed","meta":{"requestId":"84613e60-c864-4d1d-bfb8-3d1fc4a336a0","method":"PUT","route":"/api/purchase-orders/5","status":409,"durationMs":15,"orgId":null,"userId":1,"errorCode":null}}
{"timestamp":"2026-07-29T10:46:21.730Z","level":"info","message":"HTTP request completed","meta":{"requestId":"5b5247b6-38ba-41d1-8cc2-1ec53262957c","method":"GET","route":"/api/purchase/orders/PO-FQA-003","status":200,"durationMs":11,"orgId":null,"userId":1,"errorCode":null}}
{"timestamp":"2026-07-29T10:46:21.738Z","level":"info","message":"HTTP request completed","meta":{"requestId":"fdfac93e-2469-4a92-8979-8ae8ac313c07","method":"GET","route":"/api/csrf-token","status":200,"durationMs":7,"orgId":null,"userId":1,"errorCode":null}}
{"timestamp":"2026-07-29T10:46:21.749Z","level":"info","message":"HTTP request completed","meta":{"requestId":"1435a344-e7cb-4fcd-a744-22217521533b","method":"PUT","route":"/api/purchase-orders/8","status":409,"durationMs":9,"orgId":null,"userId":1,"errorCode":null}}
{"timestamp":"2026-07-29T10:46:21.764Z","level":"info","message":"HTTP request completed","meta":{"requestId":"05116534-1e8e-4f66-9564-e9d797b8f045","method":"GET","route":"/api/activity","status":200,"durationMs":13,"orgId":null,"userId":1,"errorCode":null}}
{"timestamp":"2026-07-29T10:46:21.778Z","level":"info","message":"HTTP request completed","meta":{"requestId":"62acc21c-9643-4613-bf3c-f7704330b676","method":"GET","route":"/api/activity","status":200,"durationMs":13,"orgId":null,"userId":1,"errorCode":null}}
{"timestamp":"2026-07-29T10:46:21.787Z","level":"info","message":"HTTP request completed","meta":{"requestId":"51ead02a-835e-4393-ae87-553ea2725af7","method":"GET","route":"/api/activity","status":200,"durationMs":8,"orgId":null,"userId":1,"errorCode":null}}
{"timestamp":"2026-07-29T10:46:28.491Z","level":"info","message":"HTTP request completed","meta":{"requestId":"89a5adb4-70c6-4059-88a5-90ec946fb6a1","method":"GET","route":"/api/ready","status":200,"durationMs":4,"orgId":null,"userId":null,"errorCode":null}}
{"timestamp":"2026-07-29T10:46:28.519Z","level":"info","message":"HTTP request completed","meta":{"requestId":"85438d54-45bd-440d-8066-f94d364da76b","method":"GET","route":"/api/csrf-token","status":200,"durationMs":5,"orgId":null,"userId":null,"errorCode":null}}
{"timestamp":"2026-07-29T10:46:28.629Z","level":"info","message":"HTTP request completed","meta":{"requestId":"9f25f6e7-ec2f-4211-806f-94347bc651cb","method":"POST","route":"/api/login","status":200,"durationMs":97,"orgId":null,"userId":1,"errorCode":null}}
{"timestamp":"2026-07-29T10:46:28.752Z","level":"info","message":"HTTP request completed","meta":{"requestId":"7a9c9ec4-43e6-4baf-8e0c-0e355057b9b8","method":"GET","route":"/api/dashboard/control-tower","status":200,"durationMs":120,"orgId":null,"userId":1,"errorCode":null}}
Cleanup complete. Active clients: 0
{"timestamp":"2026-07-29T10:46:38.645Z","level":"info","message":"HTTP request completed","meta":{"requestId":"c345324c-81fe-4ac5-bda1-c5b27f531ff8","method":"GET","route":"/api/ready","status":200,"durationMs":3,"orgId":null,"userId":null,"errorCode":null}}
{"timestamp":"2026-07-29T10:46:38.671Z","level":"info","message":"HTTP request completed","meta":{"requestId":"bbf56d85-3688-489f-b236-6883fff33cfb","method":"GET","route":"/api/csrf-token","status":200,"durationMs":4,"orgId":null,"userId":null,"errorCode":null}}
{"timestamp":"2026-07-29T10:46:38.763Z","level":"info","message":"HTTP request completed","meta":{"requestId":"f382480e-173f-41ad-9448-78caebdff48d","method":"POST","route":"/api/login","status":200,"durationMs":86,"orgId":null,"userId":1,"errorCode":null}}
{"timestamp":"2026-07-29T10:46:38.792Z","level":"info","message":"HTTP request completed","meta":{"requestId":"92369bd6-68c5-4541-be67-ca6277dd407e","method":"GET","route":"/api/logistics/shipments","status":200,"durationMs":27,"orgId":null,"userId":1,"errorCode":null}}
{"timestamp":"2026-07-29T10:46:38.800Z","level":"info","message":"HTTP request completed","meta":{"requestId":"1dda207d-eb3b-4239-81a3-1c001eae72d5","method":"GET","route":"/api/logistics/shipments","status":400,"durationMs":6,"orgId":null,"userId":1,"errorCode":null}}
{"timestamp":"2026-07-29T10:46:38.808Z","level":"info","message":"HTTP request completed","meta":{"requestId":"dc46bcdf-0638-43e8-9cfd-06cd9ad06aac","method":"GET","route":"/api/logistics/shipments","status":400,"durationMs":6,"orgId":null,"userId":1,"errorCode":null}}
{"timestamp":"2026-07-29T10:46:38.936Z","level":"info","message":"HTTP request completed","meta":{"requestId":"df316e24-f06e-4ef8-8222-e45d08d4e0c7","method":"GET","route":"/api/csrf-token","status":200,"durationMs":6,"orgId":null,"userId":1,"errorCode":null}}
{"timestamp":"2026-07-29T10:46:38.945Z","level":"info","message":"HTTP request completed","meta":{"requestId":"0fc27635-becc-4693-9e02-47b8faa306ce","method":"POST","route":"/api/logistics/shipments","status":400,"durationMs":7,"orgId":null,"userId":1,"errorCode":null}}
{"timestamp":"2026-07-29T10:46:38.952Z","level":"info","message":"HTTP request completed","meta":{"requestId":"06615f46-fd46-4a8e-b55f-043c19355233","method":"GET","route":"/api/csrf-token","status":200,"durationMs":6,"orgId":null,"userId":1,"errorCode":null}}
{"timestamp":"2026-07-29T10:46:39.007Z","level":"info","message":"HTTP request completed","meta":{"requestId":"e4eba07b-f19e-460b-9926-50105f4bc273","method":"POST","route":"/api/logistics/shipments","status":201,"durationMs":53,"orgId":null,"userId":1,"errorCode":null}}
{"timestamp":"2026-07-29T10:46:39.014Z","level":"info","message":"HTTP request completed","meta":{"requestId":"56e30039-ba19-44b6-b9e1-e3bd0a0ce618","method":"GET","route":"/api/csrf-token","status":200,"durationMs":5,"orgId":null,"userId":1,"errorCode":null}}
{"timestamp":"2026-07-29T10:46:39.030Z","level":"info","message":"HTTP request completed","meta":{"requestId":"8c0c58f7-3cbe-4825-b8bd-212e13a02bf7","method":"POST","route":"/api/logistics/shipments","status":201,"durationMs":15,"orgId":null,"userId":1,"errorCode":null}}
{"timestamp":"2026-07-29T10:46:39.036Z","level":"info","message":"HTTP request completed","meta":{"requestId":"f85cbafa-bde1-43e3-9bf1-c9d72b92c094","method":"GET","route":"/api/csrf-token","status":200,"durationMs":5,"orgId":null,"userId":1,"errorCode":null}}
{"timestamp":"2026-07-29T10:46:39.054Z","level":"info","message":"HTTP request completed","meta":{"requestId":"92232620-dd2c-44f1-8985-07e8d0d66ced","method":"POST","route":"/api/logistics/shipments/263/status","status":200,"durationMs":17,"orgId":null,"userId":1,"errorCode":null}}
{"timestamp":"2026-07-29T10:46:39.060Z","level":"info","message":"HTTP request completed","meta":{"requestId":"69a2cc0f-f056-4067-812c-d7e3df1dd6d4","method":"GET","route":"/api/csrf-token","status":200,"durationMs":5,"orgId":null,"userId":1,"errorCode":null}}
{"timestamp":"2026-07-29T10:46:39.076Z","level":"info","message":"HTTP request completed","meta":{"requestId":"2d369c6d-9bd3-436c-b43e-f028d6f84784","method":"POST","route":"/api/logistics/shipments/263/status","status":200,"durationMs":15,"orgId":null,"userId":1,"errorCode":null}}
{"timestamp":"2026-07-29T10:46:39.083Z","level":"info","message":"HTTP request completed","meta":{"requestId":"e5e76a79-a6af-49fc-ae42-5f91a9946c02","method":"GET","route":"/api/csrf-token","status":200,"durationMs":6,"orgId":null,"userId":1,"errorCode":null}}
{"timestamp":"2026-07-29T10:46:39.099Z","level":"info","message":"HTTP request completed","meta":{"requestId":"427ba508-d8b1-4778-bfa9-5df989686df1","method":"POST","route":"/api/logistics/shipments","status":201,"durationMs":15,"orgId":null,"userId":1,"errorCode":null}}
{"timestamp":"2026-07-29T10:46:39.105Z","level":"info","message":"HTTP request completed","meta":{"requestId":"c469b1ce-c0da-4f7a-972f-a9782b81d6d1","method":"GET","route":"/api/csrf-token","status":200,"durationMs":4,"orgId":null,"userId":1,"errorCode":null}}
{"timestamp":"2026-07-29T10:46:39.123Z","level":"info","message":"HTTP request completed","meta":{"requestId":"a6a11173-d2f2-4701-bd8f-b43a74d5fc21","method":"POST","route":"/api/logistics/shipments","status":201,"durationMs":17,"orgId":null,"userId":1,"errorCode":null}}
{"timestamp":"2026-07-29T10:46:39.129Z","level":"info","message":"HTTP request completed","meta":{"requestId":"69d0ed5b-b54a-4657-b5fe-9646f1087842","method":"GET","route":"/api/csrf-token","status":200,"durationMs":5,"orgId":null,"userId":1,"errorCode":null}}
{"timestamp":"2026-07-29T10:46:39.146Z","level":"info","message":"HTTP request completed","meta":{"requestId":"2a4411ff-8179-47e9-9d7f-f7f9fe45e431","method":"POST","route":"/api/logistics/shipments","status":201,"durationMs":16,"orgId":null,"userId":1,"errorCode":null}}
{"timestamp":"2026-07-29T10:46:39.152Z","level":"info","message":"HTTP request completed","meta":{"requestId":"8bcfba08-38e1-4e36-b925-b0922f48e7bd","method":"GET","route":"/api/csrf-token","status":200,"durationMs":5,"orgId":null,"userId":1,"errorCode":null}}
{"timestamp":"2026-07-29T10:46:39.168Z","level":"info","message":"HTTP request completed","meta":{"requestId":"b198f981-53c8-47e3-9872-1724063b1358","method":"POST","route":"/api/logistics/shipments","status":201,"durationMs":15,"orgId":null,"userId":1,"errorCode":null}}
{"timestamp":"2026-07-29T10:46:39.175Z","level":"info","message":"HTTP request completed","meta":{"requestId":"287e128a-c61e-4b62-b1c1-c605587de5a2","method":"GET","route":"/api/csrf-token","status":200,"durationMs":6,"orgId":null,"userId":1,"errorCode":null}}
{"timestamp":"2026-07-29T10:46:39.192Z","level":"info","message":"HTTP request completed","meta":{"requestId":"7c13b8ac-4aab-4b2a-a350-4169237deb0f","method":"POST","route":"/api/logistics/shipments/267/status","status":200,"durationMs":16,"orgId":null,"userId":1,"errorCode":null}}
{"timestamp":"2026-07-29T10:46:39.198Z","level":"info","message":"HTTP request completed","meta":{"requestId":"d79c461f-6ca6-4a93-b77e-b9c957f006bc","method":"GET","route":"/api/csrf-token","status":200,"durationMs":5,"orgId":null,"userId":1,"errorCode":null}}
{"timestamp":"2026-07-29T10:46:39.216Z","level":"info","message":"HTTP request completed","meta":{"requestId":"d5456895-de54-4f19-b243-725ae49ede8e","method":"POST","route":"/api/logistics/shipments","status":201,"durationMs":16,"orgId":null,"userId":1,"errorCode":null}}
{"timestamp":"2026-07-29T10:46:39.222Z","level":"info","message":"HTTP request completed","meta":{"requestId":"8bc0d247-21f5-444a-8548-54375a606889","method":"GET","route":"/api/csrf-token","status":200,"durationMs":5,"orgId":null,"userId":1,"errorCode":null}}
{"timestamp":"2026-07-29T10:46:39.238Z","level":"info","message":"HTTP request completed","meta":{"requestId":"6a2bfffd-c954-4f6c-8014-a710bb580bdc","method":"POST","route":"/api/logistics/shipments/268/status","status":200,"durationMs":15,"orgId":null,"userId":1,"errorCode":null}}
{"timestamp":"2026-07-29T10:46:39.249Z","level":"info","message":"HTTP request completed","meta":{"requestId":"619c87f3-9b8a-4a53-9228-b44f7865f0a9","method":"GET","route":"/api/logistics/shipments","status":200,"durationMs":10,"orgId":null,"userId":1,"errorCode":null}}
{"timestamp":"2026-07-29T10:46:39.290Z","level":"info","message":"HTTP request completed","meta":{"requestId":"636b85bc-0e11-43b3-804e-ae75c3d92431","method":"GET","route":"/api/logistics/shipments","status":200,"durationMs":39,"orgId":null,"userId":1,"errorCode":null}}
{"timestamp":"2026-07-29T10:46:39.302Z","level":"info","message":"HTTP request completed","meta":{"requestId":"083e3642-1790-45f3-bc9c-283e18f8e104","method":"GET","route":"/api/logistics/shipments","status":200,"durationMs":10,"orgId":null,"userId":1,"errorCode":null}}
{"timestamp":"2026-07-29T10:46:39.313Z","level":"info","message":"HTTP request completed","meta":{"requestId":"c3dac917-20b3-45d2-98d7-25e7ae68b65d","method":"GET","route":"/api/logistics/shipments","status":200,"durationMs":10,"orgId":null,"userId":1,"errorCode":null}}
{"timestamp":"2026-07-29T10:46:39.326Z","level":"info","message":"HTTP request completed","meta":{"requestId":"e5a211c8-bef1-4ba0-9e26-eed77f44ffdc","method":"GET","route":"/api/logistics/shipments","status":200,"durationMs":12,"orgId":null,"userId":1,"errorCode":null}}
{"timestamp":"2026-07-29T10:46:39.337Z","level":"info","message":"HTTP request completed","meta":{"requestId":"b1a710c5-5c5c-4ea0-8390-acec5acc2fe7","method":"GET","route":"/api/logistics/shipments","status":200,"durationMs":10,"orgId":null,"userId":1,"errorCode":null}}
{"timestamp":"2026-07-29T10:46:39.352Z","level":"info","message":"HTTP request completed","meta":{"requestId":"71dcffc5-296f-408c-b276-29ea46de213f","method":"GET","route":"/api/purchase/orders/PO-FQA-001","status":200,"durationMs":14,"orgId":null,"userId":1,"errorCode":null}}
{"timestamp":"2026-07-29T10:46:39.358Z","level":"info","message":"HTTP request completed","meta":{"requestId":"cf714400-6dbc-4e89-8eb2-8646f713c641","method":"GET","route":"/api/csrf-token","status":200,"durationMs":5,"orgId":null,"userId":1,"errorCode":null}}
{"timestamp":"2026-07-29T10:46:39.373Z","level":"info","message":"HTTP request completed","meta":{"requestId":"b61c4bc2-2e39-4474-8873-cc79fe379ad5","method":"POST","route":"/api/logistics/shipments","status":201,"durationMs":13,"orgId":null,"userId":1,"errorCode":null}}
{"timestamp":"2026-07-29T10:46:39.382Z","level":"info","message":"HTTP request completed","meta":{"requestId":"65725314-7e02-490b-965a-21a595858f1a","method":"GET","route":"/api/logistics/shipments","status":200,"durationMs":8,"orgId":null,"userId":1,"errorCode":null}}
{"timestamp":"2026-07-29T10:46:39.394Z","level":"info","message":"HTTP request completed","meta":{"requestId":"ee375b9d-9203-4075-971d-052dd7be62be","method":"GET","route":"/api/logistics/shipments","status":200,"durationMs":11,"orgId":null,"userId":1,"errorCode":null}}
{"timestamp":"2026-07-29T10:46:39.404Z","level":"info","message":"HTTP request completed","meta":{"requestId":"2ea7f6bd-efa4-4133-8f1b-e8c76dd930dc","method":"GET","route":"/api/logistics/shipments","status":200,"durationMs":9,"orgId":null,"userId":1,"errorCode":null}}
{"timestamp":"2026-07-29T10:46:39.413Z","level":"info","message":"HTTP request completed","meta":{"requestId":"6a6f5479-cd6b-4199-87c9-fb697feeb100","method":"GET","route":"/api/logistics/shipments","status":200,"durationMs":8,"orgId":null,"userId":1,"errorCode":null}}
{"timestamp":"2026-07-29T10:46:39.423Z","level":"info","message":"HTTP request completed","meta":{"requestId":"38e5a66e-914b-49e6-a975-14b76d23db06","method":"GET","route":"/api/logistics/shipments","status":200,"durationMs":9,"orgId":null,"userId":1,"errorCode":null}}
{"timestamp":"2026-07-29T10:46:39.433Z","level":"info","message":"HTTP request completed","meta":{"requestId":"692f988b-5160-49c7-95d3-3386fa4a1a63","method":"GET","route":"/api/logistics/shipments","status":200,"durationMs":9,"orgId":null,"userId":1,"errorCode":null}}
{"timestamp":"2026-07-29T10:46:39.441Z","level":"info","message":"HTTP request completed","meta":{"requestId":"8d12718e-7401-4e0e-bd69-e04f3dc92474","method":"GET","route":"/api/logistics/shipments","status":200,"durationMs":7,"orgId":null,"userId":1,"errorCode":null}}
{"timestamp":"2026-07-29T10:46:39.450Z","level":"info","message":"HTTP request completed","meta":{"requestId":"d8356f53-4457-48d9-aed3-7d897ae26460","method":"GET","route":"/api/logistics/shipments","status":200,"durationMs":8,"orgId":null,"userId":1,"errorCode":null}}
{"timestamp":"2026-07-29T10:46:39.473Z","level":"info","message":"HTTP request completed","meta":{"requestId":"5764dc6f-2beb-404e-ae97-dff0a9aadccb","method":"GET","route":"/api/logistics/shipments","status":200,"durationMs":22,"orgId":null,"userId":1,"errorCode":null}}
{"timestamp":"2026-07-29T10:46:39.480Z","level":"info","message":"HTTP request completed","meta":{"requestId":"f4434b51-4e5a-495c-a87a-3d86c3be8eee","method":"GET","route":"/api/csrf-token","status":200,"durationMs":6,"orgId":null,"userId":1,"errorCode":null}}
{"timestamp":"2026-07-29T10:46:39.488Z","level":"info","message":"HTTP request completed","meta":{"requestId":"e96910f2-ed9d-4e0d-be70-86c349304215","method":"DELETE","route":"/api/logistics/shipments/262","status":200,"durationMs":7,"orgId":null,"userId":1,"errorCode":null}}
{"timestamp":"2026-07-29T10:46:39.493Z","level":"info","message":"HTTP request completed","meta":{"requestId":"814bc81f-df26-4558-9cf8-438965a831df","method":"GET","route":"/api/csrf-token","status":200,"durationMs":5,"orgId":null,"userId":1,"errorCode":null}}
{"timestamp":"2026-07-29T10:46:39.500Z","level":"info","message":"HTTP request completed","meta":{"requestId":"90fe21e5-ba0b-405b-ac71-0ce5875d4dae","method":"DELETE","route":"/api/logistics/shipments/263","status":200,"durationMs":6,"orgId":null,"userId":1,"errorCode":null}}
{"timestamp":"2026-07-29T10:46:39.506Z","level":"info","message":"HTTP request completed","meta":{"requestId":"ce11b88a-c16b-4dcb-86a6-c5a7d6173a22","method":"GET","route":"/api/csrf-token","status":200,"durationMs":5,"orgId":null,"userId":1,"errorCode":null}}
{"timestamp":"2026-07-29T10:46:39.513Z","level":"info","message":"HTTP request completed","meta":{"requestId":"506d9e37-a76d-4f68-91a4-85ec74ad86c4","method":"DELETE","route":"/api/logistics/shipments/264","status":200,"durationMs":6,"orgId":null,"userId":1,"errorCode":null}}
{"timestamp":"2026-07-29T10:46:39.518Z","level":"info","message":"HTTP request completed","meta":{"requestId":"975a06a9-436c-4f3c-b315-5e6f2f4f34e9","method":"GET","route":"/api/csrf-token","status":200,"durationMs":4,"orgId":null,"userId":1,"errorCode":null}}
{"timestamp":"2026-07-29T10:46:39.525Z","level":"info","message":"HTTP request completed","meta":{"requestId":"a244d2c4-42fb-4e46-9dbd-d500a89e2ff8","method":"DELETE","route":"/api/logistics/shipments/265","status":200,"durationMs":6,"orgId":null,"userId":1,"errorCode":null}}
{"timestamp":"2026-07-29T10:46:39.531Z","level":"info","message":"HTTP request completed","meta":{"requestId":"53583f11-c64b-4b97-9500-583982f77d1a","method":"GET","route":"/api/csrf-token","status":200,"durationMs":5,"orgId":null,"userId":1,"errorCode":null}}
{"timestamp":"2026-07-29T10:46:39.538Z","level":"info","message":"HTTP request completed","meta":{"requestId":"9663d9b6-6346-4264-a8df-f983de2ea9f6","method":"DELETE","route":"/api/logistics/shipments/266","status":200,"durationMs":7,"orgId":null,"userId":1,"errorCode":null}}
{"timestamp":"2026-07-29T10:46:39.544Z","level":"info","message":"HTTP request completed","meta":{"requestId":"54bad602-fbb8-46d3-96c2-4e197ccb5cb2","method":"GET","route":"/api/csrf-token","status":200,"durationMs":5,"orgId":null,"userId":1,"errorCode":null}}
{"timestamp":"2026-07-29T10:46:39.552Z","level":"info","message":"HTTP request completed","meta":{"requestId":"be8bcbf8-a66f-419b-acb9-2f0d11763e10","method":"DELETE","route":"/api/logistics/shipments/267","status":200,"durationMs":7,"orgId":null,"userId":1,"errorCode":null}}
{"timestamp":"2026-07-29T10:46:39.557Z","level":"info","message":"HTTP request completed","meta":{"requestId":"3d9432c0-b281-4370-9bf6-7ff68d56a6bf","method":"GET","route":"/api/csrf-token","status":200,"durationMs":4,"orgId":null,"userId":1,"errorCode":null}}
{"timestamp":"2026-07-29T10:46:39.566Z","level":"info","message":"HTTP request completed","meta":{"requestId":"cc8896d0-eb74-4a2c-8186-9e1be2a3b68c","method":"DELETE","route":"/api/logistics/shipments/268","status":200,"durationMs":8,"orgId":null,"userId":1,"errorCode":null}}
{"timestamp":"2026-07-29T10:46:39.571Z","level":"info","message":"HTTP request completed","meta":{"requestId":"ab965533-18b9-4419-afd6-fb7c14db761e","method":"GET","route":"/api/csrf-token","status":200,"durationMs":5,"orgId":null,"userId":1,"errorCode":null}}
{"timestamp":"2026-07-29T10:46:39.579Z","level":"info","message":"HTTP request completed","meta":{"requestId":"41dc091b-6d3c-4b8c-aaf3-2556caf4e469","method":"DELETE","route":"/api/logistics/shipments/269","status":200,"durationMs":8,"orgId":null,"userId":1,"errorCode":null}}
{"timestamp":"2026-07-29T10:46:45.171Z","level":"info","message":"HTTP request completed","meta":{"requestId":"05c232c5-380b-43f5-9142-2e80854380bc","method":"GET","route":"/api/ready","status":200,"durationMs":2,"orgId":null,"userId":null,"errorCode":null}}
{"timestamp":"2026-07-29T10:46:45.195Z","level":"info","message":"HTTP request completed","meta":{"requestId":"49546b0e-571c-46ba-898c-c57ef766161b","method":"GET","route":"/api/csrf-token","status":200,"durationMs":3,"orgId":null,"userId":null,"errorCode":null}}
{"timestamp":"2026-07-29T10:46:45.305Z","level":"info","message":"HTTP request completed","meta":{"requestId":"583ed9d6-44ef-4596-9389-ec4debda1f0f","method":"POST","route":"/api/login","status":200,"durationMs":100,"orgId":null,"userId":1,"errorCode":null}}
{"timestamp":"2026-07-29T10:46:45.373Z","level":"info","message":"HTTP request completed","meta":{"requestId":"a11841c1-124d-4c0f-84f3-ced7bd217f3c","method":"GET","route":"/api/dashboard/control-tower","status":200,"durationMs":66,"orgId":null,"userId":1,"errorCode":null}}
{"timestamp":"2026-07-29T10:46:45.426Z","level":"info","message":"HTTP request completed","meta":{"requestId":"afa5fcf7-d3dd-4634-bc0d-8c1a73f8264e","method":"GET","route":"/api/dashboard/control-tower","status":200,"durationMs":48,"orgId":null,"userId":1,"errorCode":null}}
{"timestamp":"2026-07-29T10:46:47.684Z","level":"info","message":"HTTP request completed","meta":{"requestId":"609fd912-4de5-4096-ab0b-cc7e5c394f29","method":"GET","route":"/api/ready","status":200,"durationMs":3,"orgId":null,"userId":null,"errorCode":null}}
{"timestamp":"2026-07-29T10:46:47.702Z","level":"info","message":"HTTP request completed","meta":{"requestId":"7273c5cc-c91b-482a-9a2e-db0754e596e1","method":"GET","route":"/api/csrf-token","status":200,"durationMs":4,"orgId":null,"userId":null,"errorCode":null}}
{"timestamp":"2026-07-29T10:46:47.784Z","level":"info","message":"HTTP request completed","meta":{"requestId":"5866062f-ebb9-489c-b94e-ae004654fc71","method":"POST","route":"/api/login","status":200,"durationMs":76,"orgId":null,"userId":1,"errorCode":null}}
{"timestamp":"2026-07-29T10:46:47.799Z","level":"info","message":"HTTP request completed","meta":{"requestId":"80177dca-e9cd-44c9-922b-c18fa0538a0d","method":"GET","route":"/api/exceptions","status":200,"durationMs":13,"orgId":null,"userId":1,"errorCode":null}}
{"timestamp":"2026-07-29T10:46:47.810Z","level":"info","message":"HTTP request completed","meta":{"requestId":"257fdf2f-445d-42f1-9570-609c5a0ddb9f","method":"GET","route":"/api/exceptions/112","status":200,"durationMs":8,"orgId":null,"userId":1,"errorCode":null}}
{"timestamp":"2026-07-29T10:46:47.819Z","level":"info","message":"HTTP request completed","meta":{"requestId":"be8a485f-da40-4f6c-8b58-29e03f5cf298","method":"GET","route":"/api/csrf-token","status":200,"durationMs":8,"orgId":null,"userId":1,"errorCode":null}}
{"timestamp":"2026-07-29T10:46:48.384Z","level":"info","message":"HTTP request completed","meta":{"requestId":"5300a574-93e3-4dc7-b549-937ef142e81c","method":"POST","route":"/api/exceptions/run-checks","status":200,"durationMs":563,"orgId":null,"userId":1,"errorCode":null}}
{"timestamp":"2026-07-29T10:47:13.613Z","level":"info","message":"HTTP request completed","meta":{"requestId":"e9bd9df2-fcb4-4b89-9eb8-0ba0e0e5dd0c","method":"GET","route":"/api/ready","status":200,"durationMs":3,"orgId":null,"userId":null,"errorCode":null}}
{"timestamp":"2026-07-29T10:47:13.623Z","level":"info","message":"HTTP request completed","meta":{"requestId":"1b5094b0-a969-42af-95a2-1bbc27912474","method":"GET","route":"/api/user","status":401,"durationMs":2,"orgId":null,"userId":null,"errorCode":null}}
{"timestamp":"2026-07-29T10:47:13.964Z","level":"info","message":"HTTP request completed","meta":{"requestId":"b57970e2-1f2b-4b7e-bba3-8f33cc3fbb35","method":"GET","route":"/api/csrf-token","status":200,"durationMs":6,"orgId":null,"userId":null,"errorCode":null}}
{"timestamp":"2026-07-29T10:47:14.087Z","level":"info","message":"HTTP request completed","meta":{"requestId":"182a61f9-7976-438c-8c15-23f8d62dc394","method":"POST","route":"/api/login","status":200,"durationMs":109,"orgId":null,"userId":1,"errorCode":null}}
{"timestamp":"2026-07-29T10:47:14.114Z","level":"info","message":"HTTP request completed","meta":{"requestId":"b82c4e5c-727a-4f01-bacc-a64d140af1cb","method":"GET","route":"/api/ready","status":200,"durationMs":16,"orgId":null,"userId":1,"errorCode":null}}
{"timestamp":"2026-07-29T10:47:14.223Z","level":"info","message":"HTTP request completed","meta":{"requestId":"f4fd3bd4-d374-4fe3-84dc-48f2d734a6d1","method":"GET","route":"/api/release-scope","status":200,"durationMs":32,"orgId":null,"userId":1,"errorCode":null}}
[SETUP_STATUS] summary requestId=3b9903e6-4de4-4643-bfef-4166a0acf9a8 userId=1 orgId=1 health=ok firstCode=OK criticalCount=0 warningCount=0
{"timestamp":"2026-07-29T10:47:14.250Z","level":"info","message":"HTTP request completed","meta":{"requestId":"3b9903e6-4de4-4643-bfef-4166a0acf9a8","method":"GET","route":"/api/setup/status","status":200,"durationMs":60,"orgId":null,"userId":1,"errorCode":null}}
{"timestamp":"2026-07-29T10:47:15.475Z","level":"info","message":"HTTP request completed","meta":{"requestId":"44f4acb5-cf35-4f44-a1fd-323e8b51ddbe","method":"GET","route":"/api/ready","status":200,"durationMs":12,"orgId":null,"userId":1,"errorCode":null}}
{"timestamp":"2026-07-29T10:47:15.497Z","level":"info","message":"HTTP request completed","meta":{"requestId":"5fd97b1d-06ff-4486-b95b-ae6212e01c06","method":"GET","route":"/api/release-scope","status":200,"durationMs":18,"orgId":null,"userId":1,"errorCode":null}}
{"timestamp":"2026-07-29T10:47:15.558Z","level":"info","message":"HTTP request completed","meta":{"requestId":"16b611af-5c1f-41f0-9ae7-9c372552571d","method":"GET","route":"/api/user","status":200,"durationMs":70,"orgId":null,"userId":1,"errorCode":null}}
{"timestamp":"2026-07-29T10:47:15.573Z","level":"info","message":"HTTP request completed","meta":{"requestId":"fd0c4c2e-e1df-45ed-9dbc-37b1923682c8","method":"GET","route":"/api/suppliers","status":200,"durationMs":92,"orgId":null,"userId":1,"errorCode":null}}
{"timestamp":"2026-07-29T10:47:15.602Z","level":"info","message":"HTTP request completed","meta":{"requestId":"853236c6-8a51-4226-801c-462072a9fac6","method":"GET","route":"/api/inventory","status":200,"durationMs":116,"orgId":null,"userId":1,"errorCode":null}}
{"timestamp":"2026-07-29T10:47:15.723Z","level":"info","message":"HTTP request completed","meta":{"requestId":"c749b2e0-c119-4e8a-af73-7df4587166f7","method":"GET","route":"/api/notifications","status":200,"durationMs":24,"orgId":null,"userId":1,"errorCode":null}}
[SETUP_STATUS] summary requestId=c00e394a-7566-42f0-a92e-a9e233c190c2 userId=1 orgId=1 health=ok firstCode=OK criticalCount=0 warningCount=0
{"timestamp":"2026-07-29T10:47:15.757Z","level":"info","message":"HTTP request completed","meta":{"requestId":"c00e394a-7566-42f0-a92e-a9e233c190c2","method":"GET","route":"/api/setup/status","status":200,"durationMs":59,"orgId":null,"userId":1,"errorCode":null}}
{"timestamp":"2026-07-29T10:47:16.025Z","level":"info","message":"HTTP request completed","meta":{"requestId":"d83a85b8-bc7d-46ad-ba1e-fa28891c6c13","method":"GET","route":"/api/approval-policies","status":200,"durationMs":17,"orgId":null,"userId":1,"errorCode":null}}
{"timestamp":"2026-07-29T10:47:16.025Z","level":"info","message":"HTTP request completed","meta":{"requestId":"7ebf2c98-9f55-49fd-a7b6-58d2fbd6328c","method":"GET","route":"/api/users","status":200,"durationMs":16,"orgId":null,"userId":1,"errorCode":null}}
{"timestamp":"2026-07-29T10:47:16.311Z","level":"info","message":"HTTP request completed","meta":{"requestId":"2aec1cc1-0bce-4d36-94fa-da3f363a5826","method":"GET","route":"/api/approval-policies","status":200,"durationMs":20,"orgId":null,"userId":1,"errorCode":null}}
{"timestamp":"2026-07-29T10:47:16.466Z","level":"info","message":"HTTP request completed","meta":{"requestId":"b8c0bb5b-1259-454a-888c-6463b841896e","method":"GET","route":"/api/approval-policies","status":200,"durationMs":17,"orgId":null,"userId":1,"errorCode":null}}
{"timestamp":"2026-07-29T10:47:16.859Z","level":"info","message":"HTTP request completed","meta":{"requestId":"292a8c8d-4226-4ace-848c-e24922e152ea","method":"GET","route":"/api/csrf-token","status":200,"durationMs":10,"orgId":null,"userId":1,"errorCode":null}}
{"timestamp":"2026-07-29T10:47:16.912Z","level":"info","message":"HTTP request completed","meta":{"requestId":"7fa9ecfa-a147-4a9a-bdad-8ec25dec9c2d","method":"POST","route":"/api/approval-policies","status":409,"durationMs":15,"orgId":null,"userId":1,"errorCode":null}}
{"timestamp":"2026-07-29T10:47:18.938Z","level":"info","message":"HTTP request completed","meta":{"requestId":"06af684c-62af-4d3f-8e1e-8af346917686","method":"GET","route":"/api/ready","status":200,"durationMs":4,"orgId":null,"userId":null,"errorCode":null}}
{"timestamp":"2026-07-29T10:47:18.946Z","level":"info","message":"HTTP request completed","meta":{"requestId":"8ade2ba5-a0cb-4b28-9802-50a8d0d25cef","method":"GET","route":"/api/user","status":401,"durationMs":1,"orgId":null,"userId":null,"errorCode":null}}
{"timestamp":"2026-07-29T10:47:19.511Z","level":"info","message":"HTTP request completed","meta":{"requestId":"c267e1e0-b144-49ec-9a7e-9ade00bc97f8","method":"GET","route":"/api/csrf-token","status":200,"durationMs":7,"orgId":null,"userId":null,"errorCode":null}}
{"timestamp":"2026-07-29T10:47:19.627Z","level":"info","message":"HTTP request completed","meta":{"requestId":"dea40383-ffff-40c0-beb7-1b375210ccd2","method":"POST","route":"/api/login","status":200,"durationMs":101,"orgId":null,"userId":1,"errorCode":null}}
{"timestamp":"2026-07-29T10:47:19.645Z","level":"info","message":"HTTP request completed","meta":{"requestId":"bddd744a-1f8a-4071-a7e0-8ff70e77644b","method":"GET","route":"/api/ready","status":200,"durationMs":13,"orgId":null,"userId":1,"errorCode":null}}
{"timestamp":"2026-07-29T10:47:19.763Z","level":"info","message":"HTTP request completed","meta":{"requestId":"e88927bb-2a2d-4f21-91a4-ebc917d9add5","method":"GET","route":"/api/release-scope","status":200,"durationMs":24,"orgId":null,"userId":1,"errorCode":null}}
{"timestamp":"2026-07-29T10:47:19.849Z","level":"info","message":"HTTP request completed","meta":{"requestId":"97077632-3540-4254-befd-3441bdfe5992","method":"GET","route":"/api/suppliers","status":200,"durationMs":107,"orgId":null,"userId":1,"errorCode":null}}
{"timestamp":"2026-07-29T10:47:19.893Z","level":"info","message":"HTTP request completed","meta":{"requestId":"760207da-6cd6-422f-a16f-8ad1feac9930","method":"GET","route":"/api/notifications","status":200,"durationMs":153,"orgId":null,"userId":1,"errorCode":null}}
{"timestamp":"2026-07-29T10:47:19.960Z","level":"info","message":"HTTP request completed","meta":{"requestId":"88c63928-2c6a-4439-a541-835ef085727a","method":"GET","route":"/api/inventory","status":200,"durationMs":216,"orgId":null,"userId":1,"errorCode":null}}
[SETUP_STATUS] summary requestId=c0f1680c-43e7-4187-9f6d-f5ccf632b83d userId=1 orgId=1 health=ok firstCode=OK criticalCount=0 warningCount=0
{"timestamp":"2026-07-29T10:47:19.999Z","level":"info","message":"HTTP request completed","meta":{"requestId":"c0f1680c-43e7-4187-9f6d-f5ccf632b83d","method":"GET","route":"/api/setup/status","status":200,"durationMs":261,"orgId":null,"userId":1,"errorCode":null}}
{"timestamp":"2026-07-29T10:47:21.084Z","level":"info","message":"HTTP request completed","meta":{"requestId":"d3d54fb4-c2c6-4966-9e98-5403d0828819","method":"GET","route":"/api/ready","status":200,"durationMs":17,"orgId":null,"userId":1,"errorCode":null}}
{"timestamp":"2026-07-29T10:47:21.099Z","level":"info","message":"HTTP request completed","meta":{"requestId":"aada8b4e-fcee-42fb-a996-850378acfb0a","method":"GET","route":"/api/release-scope","status":200,"durationMs":21,"orgId":null,"userId":1,"errorCode":null}}
{"timestamp":"2026-07-29T10:47:21.104Z","level":"info","message":"HTTP request completed","meta":{"requestId":"cdc1cc80-a8b6-4d3c-a213-bf08a8946e58","method":"GET","route":"/api/user","status":200,"durationMs":19,"orgId":null,"userId":1,"errorCode":null}}
{"timestamp":"2026-07-29T10:47:21.187Z","level":"info","message":"HTTP request completed","meta":{"requestId":"f7c5f227-30dd-4d6c-9569-2129832a95ce","method":"GET","route":"/api/suppliers","status":200,"durationMs":106,"orgId":null,"userId":1,"errorCode":null}}
{"timestamp":"2026-07-29T10:47:21.199Z","level":"info","message":"HTTP request completed","meta":{"requestId":"d3df6faa-335a-4868-9d9f-852f98cfd04a","method":"GET","route":"/api/inventory","status":200,"durationMs":115,"orgId":null,"userId":1,"errorCode":null}}
{"timestamp":"2026-07-29T10:47:21.344Z","level":"info","message":"HTTP request completed","meta":{"requestId":"41803ab1-b780-4efa-8b0e-78d230369f34","method":"GET","route":"/api/notifications","status":200,"durationMs":22,"orgId":null,"userId":1,"errorCode":null}}
[SETUP_STATUS] summary requestId=f6efbb52-59dd-48d2-82d6-7461f8796c8f userId=1 orgId=1 health=ok firstCode=OK criticalCount=0 warningCount=0
{"timestamp":"2026-07-29T10:47:21.359Z","level":"info","message":"HTTP request completed","meta":{"requestId":"f6efbb52-59dd-48d2-82d6-7461f8796c8f","method":"GET","route":"/api/setup/status","status":200,"durationMs":39,"orgId":null,"userId":1,"errorCode":null}}
{"timestamp":"2026-07-29T10:47:21.651Z","level":"info","message":"HTTP request completed","meta":{"requestId":"e28ea779-29c6-482f-ba95-e83a56c2202a","method":"GET","route":"/api/approval-policies","status":200,"durationMs":23,"orgId":null,"userId":1,"errorCode":null}}
{"timestamp":"2026-07-29T10:47:21.652Z","level":"info","message":"HTTP request completed","meta":{"requestId":"73c6db7e-4695-4f31-b229-2f96dd233f6d","method":"GET","route":"/api/users","status":200,"durationMs":18,"orgId":null,"userId":1,"errorCode":null}}
{"timestamp":"2026-07-29T10:47:21.887Z","level":"info","message":"HTTP request completed","meta":{"requestId":"e8e7db5c-651a-4263-8578-ba7a24e0d428","method":"GET","route":"/api/approval-policies","status":200,"durationMs":17,"orgId":null,"userId":1,"errorCode":null}}
{"timestamp":"2026-07-29T10:47:22.876Z","level":"info","message":"HTTP request completed","meta":{"requestId":"c982d491-f4a5-4d3e-bd21-aa75a487719f","method":"GET","route":"/api/csrf-token","status":200,"durationMs":12,"orgId":null,"userId":1,"errorCode":null}}
{"timestamp":"2026-07-29T10:47:22.963Z","level":"info","message":"HTTP request completed","meta":{"requestId":"528c380a-353b-4893-afd5-be67b9388fcf","method":"PATCH","route":"/api/approval-policies/543","status":409,"durationMs":14,"orgId":null,"userId":1,"errorCode":null}}
{"timestamp":"2026-07-29T10:47:23.223Z","level":"info","message":"HTTP request completed","meta":{"requestId":"c1fbcef6-3583-498f-8394-1c0bcb397b88","method":"GET","route":"/api/approval-policies","status":200,"durationMs":19,"orgId":null,"userId":1,"errorCode":null}}
{"timestamp":"2026-07-29T10:47:28.775Z","level":"info","message":"HTTP request completed","meta":{"requestId":"a0c06cfd-cef7-49fc-8b73-fb4be5a9761c","method":"PATCH","route":"/api/approval-policies/543","status":200,"durationMs":40,"orgId":null,"userId":1,"errorCode":null}}
{"timestamp":"2026-07-29T10:47:28.816Z","level":"info","message":"HTTP request completed","meta":{"requestId":"6275343c-f500-4e46-981b-c21918903c43","method":"GET","route":"/api/approval-policies","status":200,"durationMs":19,"orgId":null,"userId":1,"errorCode":null}}
{"timestamp":"2026-07-29T10:47:30.281Z","level":"info","message":"HTTP request completed","meta":{"requestId":"b5f02fb0-c89d-4e1d-b7b3-8162ebceffe5","method":"GET","route":"/api/ready","status":200,"durationMs":3,"orgId":null,"userId":null,"errorCode":null}}
{"timestamp":"2026-07-29T10:47:30.292Z","level":"info","message":"HTTP request completed","meta":{"requestId":"74f8c560-9866-4a65-bbe2-9f18c2f909e3","method":"GET","route":"/api/user","status":401,"durationMs":1,"orgId":null,"userId":null,"errorCode":null}}
{"timestamp":"2026-07-29T10:47:30.665Z","level":"info","message":"HTTP request completed","meta":{"requestId":"3e4be11d-97e7-4be1-80ec-cde59b28e226","method":"GET","route":"/api/csrf-token","status":200,"durationMs":5,"orgId":null,"userId":null,"errorCode":null}}
{"timestamp":"2026-07-29T10:47:30.777Z","level":"info","message":"HTTP request completed","meta":{"requestId":"15d2612c-98c6-4e8b-aa36-671d02d53029","method":"POST","route":"/api/login","status":200,"durationMs":87,"orgId":null,"userId":265,"errorCode":null}}
{"timestamp":"2026-07-29T10:47:30.801Z","level":"info","message":"HTTP request completed","meta":{"requestId":"ff71d4f9-6946-428e-b6b3-06b1b8a24dc9","method":"GET","route":"/api/ready","status":200,"durationMs":14,"orgId":null,"userId":265,"errorCode":null}}
{"timestamp":"2026-07-29T10:47:30.917Z","level":"info","message":"HTTP request completed","meta":{"requestId":"2ab40c5e-fb03-4fe3-bd97-36af6bde4881","method":"GET","route":"/api/release-scope","status":200,"durationMs":26,"orgId":null,"userId":265,"errorCode":null}}
{"timestamp":"2026-07-29T10:47:30.923Z","level":"info","message":"HTTP request completed","meta":{"requestId":"dadf504c-46f3-4147-95b3-f663cf737ebe","method":"GET","route":"/api/notifications","status":200,"durationMs":31,"orgId":null,"userId":265,"errorCode":null}}
[SETUP_STATUS] summary requestId=f01dad8c-e74b-42b4-b509-4b63454483e3 userId=265 orgId=1 health=ok firstCode=OK criticalCount=0 warningCount=0
{"timestamp":"2026-07-29T10:47:31.045Z","level":"info","message":"HTTP request completed","meta":{"requestId":"681538fb-88bf-459a-9aaf-35e6733359d4","method":"GET","route":"/api/suppliers","status":200,"durationMs":152,"orgId":null,"userId":265,"errorCode":null}}
{"timestamp":"2026-07-29T10:47:31.066Z","level":"info","message":"HTTP request completed","meta":{"requestId":"92c2135a-eea6-4848-8561-24b124fde76c","method":"GET","route":"/api/inventory","status":200,"durationMs":170,"orgId":null,"userId":265,"errorCode":null}}
{"timestamp":"2026-07-29T10:47:31.069Z","level":"info","message":"HTTP request completed","meta":{"requestId":"f01dad8c-e74b-42b4-b509-4b63454483e3","method":"GET","route":"/api/setup/status","status":200,"durationMs":178,"orgId":null,"userId":265,"errorCode":null}}
{"timestamp":"2026-07-29T10:47:31.967Z","level":"info","message":"HTTP request completed","meta":{"requestId":"13385b9f-1c7f-469c-94b8-0727f049817a","method":"GET","route":"/api/ready","status":200,"durationMs":10,"orgId":null,"userId":265,"errorCode":null}}
{"timestamp":"2026-07-29T10:47:31.988Z","level":"info","message":"HTTP request completed","meta":{"requestId":"712b8295-1bbd-4369-91c2-d70c7ae5849e","method":"GET","route":"/api/release-scope","status":200,"durationMs":20,"orgId":null,"userId":265,"errorCode":null}}
{"timestamp":"2026-07-29T10:47:32.025Z","level":"info","message":"HTTP request completed","meta":{"requestId":"3719228e-01b9-406e-9e56-0a6c21607a58","method":"GET","route":"/api/user","status":200,"durationMs":53,"orgId":null,"userId":265,"errorCode":null}}
{"timestamp":"2026-07-29T10:47:32.034Z","level":"info","message":"HTTP request completed","meta":{"requestId":"9862a3e0-b6e6-4c35-93ff-e60ab0f59d5e","method":"GET","route":"/api/suppliers","status":200,"durationMs":64,"orgId":null,"userId":265,"errorCode":null}}
{"timestamp":"2026-07-29T10:47:32.058Z","level":"info","message":"HTTP request completed","meta":{"requestId":"f2132b7c-b88d-46f4-ac0b-9b3784e792ff","method":"GET","route":"/api/inventory","status":200,"durationMs":87,"orgId":null,"userId":265,"errorCode":null}}
{"timestamp":"2026-07-29T10:47:32.215Z","level":"info","message":"HTTP request completed","meta":{"requestId":"5be9e0a5-efc7-4d25-bb27-335b9a8a6d13","method":"GET","route":"/api/notifications","status":200,"durationMs":13,"orgId":null,"userId":265,"errorCode":null}}
[SETUP_STATUS] summary requestId=56076d96-0d27-4381-8832-56a8bd6f9f42 userId=265 orgId=1 health=ok firstCode=OK criticalCount=0 warningCount=0
{"timestamp":"2026-07-29T10:47:32.234Z","level":"info","message":"HTTP request completed","meta":{"requestId":"56076d96-0d27-4381-8832-56a8bd6f9f42","method":"GET","route":"/api/setup/status","status":200,"durationMs":33,"orgId":null,"userId":265,"errorCode":null}}
{"timestamp":"2026-07-29T10:47:32.504Z","level":"info","message":"HTTP request completed","meta":{"requestId":"1f0b7dab-2119-4922-8e47-e2c0be679a6e","method":"GET","route":"/api/approval-policies","status":200,"durationMs":20,"orgId":null,"userId":265,"errorCode":null}}
{"timestamp":"2026-07-29T10:47:32.506Z","level":"info","message":"HTTP request completed","meta":{"requestId":"e81a40a8-757c-4381-883d-a9dd38178092","method":"GET","route":"/api/users","status":200,"durationMs":19,"orgId":null,"userId":265,"errorCode":null}}
{"timestamp":"2026-07-29T10:47:34.534Z","level":"info","message":"HTTP request completed","meta":{"requestId":"140436ce-4e3a-4283-ad97-89161f07b162","method":"GET","route":"/api/ready","status":200,"durationMs":4,"orgId":null,"userId":null,"errorCode":null}}
{"timestamp":"2026-07-29T10:47:34.545Z","level":"info","message":"HTTP request completed","meta":{"requestId":"fa1a3d03-ff79-45f1-a698-9f24eb39634e","method":"GET","route":"/api/user","status":401,"durationMs":3,"orgId":null,"userId":null,"errorCode":null}}
{"timestamp":"2026-07-29T10:47:35.007Z","level":"info","message":"HTTP request completed","meta":{"requestId":"13f6487c-d4df-4685-a168-4f3a52c84906","method":"GET","route":"/api/csrf-token","status":200,"durationMs":4,"orgId":null,"userId":null,"errorCode":null}}
{"timestamp":"2026-07-29T10:47:35.136Z","level":"info","message":"HTTP request completed","meta":{"requestId":"87bd8bec-a2b0-4035-af41-3f1b19d0fc14","method":"POST","route":"/api/login","status":200,"durationMs":110,"orgId":null,"userId":1,"errorCode":null}}
{"timestamp":"2026-07-29T10:47:35.160Z","level":"info","message":"HTTP request completed","meta":{"requestId":"7d1d25ef-6fbd-4184-b88f-ecda036f9ca2","method":"GET","route":"/api/ready","status":200,"durationMs":16,"orgId":null,"userId":1,"errorCode":null}}
{"timestamp":"2026-07-29T10:47:35.260Z","level":"info","message":"HTTP request completed","meta":{"requestId":"c7da0e0c-101e-43ce-a49e-c54271b4f173","method":"GET","route":"/api/release-scope","status":200,"durationMs":27,"orgId":null,"userId":1,"errorCode":null}}
{"timestamp":"2026-07-29T10:47:35.280Z","level":"info","message":"HTTP request completed","meta":{"requestId":"940b139f-3238-459c-a8b1-dbaa91a92960","method":"GET","route":"/api/notifications","status":200,"durationMs":43,"orgId":null,"userId":1,"errorCode":null}}
{"timestamp":"2026-07-29T10:47:35.339Z","level":"info","message":"HTTP request completed","meta":{"requestId":"6d52725d-6d72-4ddf-abd0-239689f1d8af","method":"GET","route":"/api/suppliers","status":200,"durationMs":100,"orgId":null,"userId":1,"errorCode":null}}
{"timestamp":"2026-07-29T10:47:35.358Z","level":"info","message":"HTTP request completed","meta":{"requestId":"f169a838-5519-4fcb-aad9-d327079b656c","method":"GET","route":"/api/inventory","status":200,"durationMs":117,"orgId":null,"userId":1,"errorCode":null}}
[SETUP_STATUS] summary requestId=18987711-a24c-442c-b656-a31b2007f257 userId=1 orgId=1 health=ok firstCode=OK criticalCount=0 warningCount=0
{"timestamp":"2026-07-29T10:47:35.373Z","level":"info","message":"HTTP request completed","meta":{"requestId":"18987711-a24c-442c-b656-a31b2007f257","method":"GET","route":"/api/setup/status","status":200,"durationMs":141,"orgId":null,"userId":1,"errorCode":null}}
{"timestamp":"2026-07-29T10:47:36.418Z","level":"info","message":"HTTP request completed","meta":{"requestId":"4fa3c3d7-f1e9-4efb-a203-eb68616da9df","method":"GET","route":"/api/ready","status":200,"durationMs":11,"orgId":null,"userId":1,"errorCode":null}}
{"timestamp":"2026-07-29T10:47:36.434Z","level":"info","message":"HTTP request completed","meta":{"requestId":"e97c649e-eb9f-401b-94cd-9da2ec23e065","method":"GET","route":"/api/release-scope","status":200,"durationMs":14,"orgId":null,"userId":1,"errorCode":null}}
{"timestamp":"2026-07-29T10:47:36.487Z","level":"info","message":"HTTP request completed","meta":{"requestId":"fc686ffd-35b8-45a2-821a-5ae3520462e1","method":"GET","route":"/api/suppliers","status":200,"durationMs":67,"orgId":null,"userId":1,"errorCode":null}}
{"timestamp":"2026-07-29T10:47:36.488Z","level":"info","message":"HTTP request completed","meta":{"requestId":"fdb9bb55-f320-462e-ab55-ef6adf9fbffb","method":"GET","route":"/api/user","status":200,"durationMs":64,"orgId":null,"userId":1,"errorCode":null}}
{"timestamp":"2026-07-29T10:47:36.511Z","level":"info","message":"HTTP request completed","meta":{"requestId":"8cd5ff13-cfd8-42ce-ad40-29c72eeef76e","method":"GET","route":"/api/inventory","status":200,"durationMs":89,"orgId":null,"userId":1,"errorCode":null}}
[SETUP_STATUS] summary requestId=82870cfe-7e31-4ee5-8b5d-96b9628f7cfc userId=1 orgId=1 health=ok firstCode=OK criticalCount=0 warningCount=0
{"timestamp":"2026-07-29T10:47:36.685Z","level":"info","message":"HTTP request completed","meta":{"requestId":"82870cfe-7e31-4ee5-8b5d-96b9628f7cfc","method":"GET","route":"/api/setup/status","status":200,"durationMs":31,"orgId":null,"userId":1,"errorCode":null}}
{"timestamp":"2026-07-29T10:47:36.687Z","level":"info","message":"HTTP request completed","meta":{"requestId":"0b4ab67f-6d43-45a7-b516-d5ea3d228819","method":"GET","route":"/api/notifications","status":200,"durationMs":32,"orgId":null,"userId":1,"errorCode":null}}
{"timestamp":"2026-07-29T10:47:37.113Z","level":"info","message":"HTTP request completed","meta":{"requestId":"1cb58678-3b55-422e-9fdf-f4775527d3e4","method":"GET","route":"/api/diagnostics/findings","status":200,"durationMs":59,"orgId":null,"userId":1,"errorCode":null}}
{"timestamp":"2026-07-29T10:47:38.738Z","level":"info","message":"HTTP request completed","meta":{"requestId":"06bb24b3-6dc6-402e-b612-ac16f2fa8005","method":"GET","route":"/api/ready","status":200,"durationMs":9,"orgId":null,"userId":null,"errorCode":null}}
{"timestamp":"2026-07-29T10:47:38.752Z","level":"info","message":"HTTP request completed","meta":{"requestId":"dc13bf78-9076-48e0-b802-af51a88a4275","method":"GET","route":"/api/user","status":401,"durationMs":1,"orgId":null,"userId":null,"errorCode":null}}
{"timestamp":"2026-07-29T10:47:39.339Z","level":"info","message":"HTTP request completed","meta":{"requestId":"dda93fd6-1545-4d70-a0a6-f697f7f46ce0","method":"GET","route":"/api/csrf-token","status":200,"durationMs":3,"orgId":null,"userId":null,"errorCode":null}}
{"timestamp":"2026-07-29T10:47:39.447Z","level":"info","message":"HTTP request completed","meta":{"requestId":"28d5d1ff-60bd-4889-9817-05e11da2d2a9","method":"POST","route":"/api/login","status":200,"durationMs":93,"orgId":null,"userId":1,"errorCode":null}}
{"timestamp":"2026-07-29T10:47:39.470Z","level":"info","message":"HTTP request completed","meta":{"requestId":"d29eeec5-7762-49ed-a412-eb325811a6bb","method":"GET","route":"/api/ready","status":200,"durationMs":15,"orgId":null,"userId":1,"errorCode":null}}
{"timestamp":"2026-07-29T10:47:39.588Z","level":"info","message":"HTTP request completed","meta":{"requestId":"eb7c5712-0a93-4680-8d0c-f49cdf283a56","method":"GET","route":"/api/release-scope","status":200,"durationMs":32,"orgId":null,"userId":1,"errorCode":null}}
{"timestamp":"2026-07-29T10:47:39.597Z","level":"info","message":"HTTP request completed","meta":{"requestId":"99386ce8-3998-4126-8684-b239cc9f2056","method":"GET","route":"/api/notifications","status":200,"durationMs":39,"orgId":null,"userId":1,"errorCode":null}}
[SETUP_STATUS] summary requestId=61b3dc81-a6e4-4e92-99ce-6164a09c268d userId=1 orgId=1 health=ok firstCode=OK criticalCount=0 warningCount=0
{"timestamp":"2026-07-29T10:47:39.608Z","level":"info","message":"HTTP request completed","meta":{"requestId":"61b3dc81-a6e4-4e92-99ce-6164a09c268d","method":"GET","route":"/api/setup/status","status":200,"durationMs":53,"orgId":null,"userId":1,"errorCode":null}}
{"timestamp":"2026-07-29T10:47:39.670Z","level":"info","message":"HTTP request completed","meta":{"requestId":"810e044e-19bd-4dab-8d81-226aa8591e13","method":"GET","route":"/api/suppliers","status":200,"durationMs":60,"orgId":null,"userId":1,"errorCode":null}}
{"timestamp":"2026-07-29T10:47:39.689Z","level":"info","message":"HTTP request completed","meta":{"requestId":"165c55bb-0b6e-40a2-8f88-b00f46b43bd5","method":"GET","route":"/api/inventory","status":200,"durationMs":78,"orgId":null,"userId":1,"errorCode":null}}
{"timestamp":"2026-07-29T10:47:40.588Z","level":"info","message":"HTTP request completed","meta":{"requestId":"9f49bbb7-9ae9-4102-a477-37a1f7609623","method":"GET","route":"/api/ready","status":200,"durationMs":12,"orgId":null,"userId":1,"errorCode":null}}
{"timestamp":"2026-07-29T10:47:40.603Z","level":"info","message":"HTTP request completed","meta":{"requestId":"454b2971-dbb0-488e-9b92-9dda3fee1c90","method":"GET","route":"/api/release-scope","status":200,"durationMs":13,"orgId":null,"userId":1,"errorCode":null}}
{"timestamp":"2026-07-29T10:47:40.608Z","level":"info","message":"HTTP request completed","meta":{"requestId":"a5703e4f-64b3-437a-b4a6-eca14233a76c","method":"GET","route":"/api/user","status":200,"durationMs":14,"orgId":null,"userId":1,"errorCode":null}}
{"timestamp":"2026-07-29T10:47:40.671Z","level":"info","message":"HTTP request completed","meta":{"requestId":"4c8a378c-3e0c-43f7-8c3a-9468ed9e5d4a","method":"GET","route":"/api/suppliers","status":200,"durationMs":79,"orgId":null,"userId":1,"errorCode":null}}
{"timestamp":"2026-07-29T10:47:40.735Z","level":"info","message":"HTTP request completed","meta":{"requestId":"942d7533-82fe-4f90-9d99-b7954d286aaa","method":"GET","route":"/api/inventory","status":200,"durationMs":142,"orgId":null,"userId":1,"errorCode":null}}
{"timestamp":"2026-07-29T10:47:40.841Z","level":"info","message":"HTTP request completed","meta":{"requestId":"d8ac3c5c-d54e-4fd2-af22-bfb4a9eeabf4","method":"GET","route":"/api/notifications","status":200,"durationMs":20,"orgId":null,"userId":1,"errorCode":null}}
[SETUP_STATUS] summary requestId=00bc9f06-d01c-4298-b6bf-036242f86c93 userId=1 orgId=1 health=ok firstCode=OK criticalCount=0 warningCount=0
{"timestamp":"2026-07-29T10:47:40.874Z","level":"info","message":"HTTP request completed","meta":{"requestId":"00bc9f06-d01c-4298-b6bf-036242f86c93","method":"GET","route":"/api/setup/status","status":200,"durationMs":54,"orgId":null,"userId":1,"errorCode":null}}
{"timestamp":"2026-07-29T10:47:41.335Z","level":"info","message":"HTTP request completed","meta":{"requestId":"33966425-c629-47f0-9fe7-f5980759c9ec","method":"GET","route":"/api/diagnostics/summary","status":200,"durationMs":46,"orgId":null,"userId":1,"errorCode":null}}
{"timestamp":"2026-07-29T10:47:41.337Z","level":"info","message":"HTTP request completed","meta":{"requestId":"74ba3600-e0a7-4c7d-bf9d-9411a64eadc1","method":"GET","route":"/api/diagnostics/findings","status":200,"durationMs":78,"orgId":null,"userId":1,"errorCode":null}}
{"timestamp":"2026-07-29T10:47:43.164Z","level":"info","message":"HTTP request completed","meta":{"requestId":"b0c108ce-0d50-459e-87ac-cda03d230bb0","method":"GET","route":"/api/ready","status":200,"durationMs":6,"orgId":null,"userId":null,"errorCode":null}}
{"timestamp":"2026-07-29T10:47:43.182Z","level":"info","message":"HTTP request completed","meta":{"requestId":"a908d3b1-88c9-4733-97d5-b7570096d75d","method":"GET","route":"/api/user","status":401,"durationMs":3,"orgId":null,"userId":null,"errorCode":null}}
{"timestamp":"2026-07-29T10:47:43.663Z","level":"info","message":"HTTP request completed","meta":{"requestId":"f17baac3-e02b-4409-b3c0-b74ab2bb2c95","method":"GET","route":"/api/csrf-token","status":200,"durationMs":5,"orgId":null,"userId":null,"errorCode":null}}
{"timestamp":"2026-07-29T10:47:43.789Z","level":"info","message":"HTTP request completed","meta":{"requestId":"3e4b84c5-5396-4a46-9ca6-e3fe895157e2","method":"POST","route":"/api/login","status":200,"durationMs":111,"orgId":null,"userId":1,"errorCode":null}}
{"timestamp":"2026-07-29T10:47:43.810Z","level":"info","message":"HTTP request completed","meta":{"requestId":"117e6553-42d1-43c0-b5bb-fba71dd20d5e","method":"GET","route":"/api/ready","status":200,"durationMs":15,"orgId":null,"userId":1,"errorCode":null}}
{"timestamp":"2026-07-29T10:47:43.923Z","level":"info","message":"HTTP request completed","meta":{"requestId":"71b3586f-48c2-437f-b79b-f97698288892","method":"GET","route":"/api/release-scope","status":200,"durationMs":23,"orgId":null,"userId":1,"errorCode":null}}
{"timestamp":"2026-07-29T10:47:44.046Z","level":"info","message":"HTTP request completed","meta":{"requestId":"138eaee0-6764-4f95-8790-b3aa3721678b","method":"GET","route":"/api/notifications","status":200,"durationMs":145,"orgId":null,"userId":1,"errorCode":null}}
{"timestamp":"2026-07-29T10:47:44.058Z","level":"info","message":"HTTP request completed","meta":{"requestId":"71a2d6b8-7df5-4d2d-bea2-ed403d3bc740","method":"GET","route":"/api/suppliers","status":200,"durationMs":155,"orgId":null,"userId":1,"errorCode":null}}
[SETUP_STATUS] summary requestId=672033c4-dac1-424f-864f-53c0218241e5 userId=1 orgId=1 health=ok firstCode=OK criticalCount=0 warningCount=0
{"timestamp":"2026-07-29T10:47:44.124Z","level":"info","message":"HTTP request completed","meta":{"requestId":"e1834145-4fcc-45c7-b498-7ba46f859c7d","method":"GET","route":"/api/inventory","status":200,"durationMs":219,"orgId":null,"userId":1,"errorCode":null}}
{"timestamp":"2026-07-29T10:47:44.130Z","level":"info","message":"HTTP request completed","meta":{"requestId":"672033c4-dac1-424f-864f-53c0218241e5","method":"GET","route":"/api/setup/status","status":200,"durationMs":234,"orgId":null,"userId":1,"errorCode":null}}
{"timestamp":"2026-07-29T10:47:45.104Z","level":"info","message":"HTTP request completed","meta":{"requestId":"7331f05c-4703-42d3-9b6d-5df46877441b","method":"GET","route":"/api/ready","status":200,"durationMs":12,"orgId":null,"userId":1,"errorCode":null}}
{"timestamp":"2026-07-29T10:47:45.122Z","level":"info","message":"HTTP request completed","meta":{"requestId":"f25852d7-1435-4401-9bd0-d65235f24301","method":"GET","route":"/api/release-scope","status":200,"durationMs":18,"orgId":null,"userId":1,"errorCode":null}}
{"timestamp":"2026-07-29T10:47:45.173Z","level":"info","message":"HTTP request completed","meta":{"requestId":"8c09d42e-c376-40fc-8f6e-57714ac904fc","method":"GET","route":"/api/suppliers","status":200,"durationMs":68,"orgId":null,"userId":1,"errorCode":null}}
{"timestamp":"2026-07-29T10:47:45.178Z","level":"info","message":"HTTP request completed","meta":{"requestId":"6cb623cd-6414-4085-bf3a-809159f5c22c","method":"GET","route":"/api/user","status":200,"durationMs":69,"orgId":null,"userId":1,"errorCode":null}}
{"timestamp":"2026-07-29T10:47:45.220Z","level":"info","message":"HTTP request completed","meta":{"requestId":"1620feb0-d33d-4e0b-94cd-c296589ef8ef","method":"GET","route":"/api/inventory","status":200,"durationMs":114,"orgId":null,"userId":1,"errorCode":null}}
{"timestamp":"2026-07-29T10:47:45.355Z","level":"info","message":"HTTP request completed","meta":{"requestId":"e6a9dfd7-e13b-4c3b-b653-f800a0ccacb5","method":"GET","route":"/api/notifications","status":200,"durationMs":20,"orgId":null,"userId":1,"errorCode":null}}
[SETUP_STATUS] summary requestId=72103078-e26c-4870-b4d8-5616b21eca9b userId=1 orgId=1 health=ok firstCode=OK criticalCount=0 warningCount=0
{"timestamp":"2026-07-29T10:47:45.399Z","level":"info","message":"HTTP request completed","meta":{"requestId":"72103078-e26c-4870-b4d8-5616b21eca9b","method":"GET","route":"/api/setup/status","status":200,"durationMs":66,"orgId":null,"userId":1,"errorCode":null}}
{"timestamp":"2026-07-29T10:47:45.841Z","level":"info","message":"HTTP request completed","meta":{"requestId":"8968db20-f65a-41dc-a247-a728200cb32a","method":"GET","route":"/api/diagnostics/findings","status":200,"durationMs":37,"orgId":null,"userId":1,"errorCode":null}}
{"timestamp":"2026-07-29T10:47:48.842Z","level":"info","message":"HTTP request completed","meta":{"requestId":"36ae8def-ec75-416b-b858-fa649d02e8bd","method":"GET","route":"/api/ready","status":200,"durationMs":7,"orgId":null,"userId":null,"errorCode":null}}
{"timestamp":"2026-07-29T10:47:48.849Z","level":"info","message":"HTTP request completed","meta":{"requestId":"0348da5d-4e12-47a8-8ee9-cce97e782bc7","method":"GET","route":"/api/user","status":401,"durationMs":1,"orgId":null,"userId":null,"errorCode":null}}
{"timestamp":"2026-07-29T10:47:49.436Z","level":"info","message":"HTTP request completed","meta":{"requestId":"88effdf3-5fef-45c3-820c-45fcb4f69d75","method":"GET","route":"/api/csrf-token","status":200,"durationMs":7,"orgId":null,"userId":null,"errorCode":null}}
{"timestamp":"2026-07-29T10:47:49.560Z","level":"info","message":"HTTP request completed","meta":{"requestId":"79dbcc23-553b-4ae9-96fb-94f837240032","method":"POST","route":"/api/login","status":200,"durationMs":108,"orgId":null,"userId":1,"errorCode":null}}
{"timestamp":"2026-07-29T10:47:49.585Z","level":"info","message":"HTTP request completed","meta":{"requestId":"1175fd12-4cb3-4f77-8962-99e592b8fa8e","method":"GET","route":"/api/ready","status":200,"durationMs":18,"orgId":null,"userId":1,"errorCode":null}}
{"timestamp":"2026-07-29T10:47:49.752Z","level":"info","message":"HTTP request completed","meta":{"requestId":"c244d52b-4584-40b9-bb0e-94a234c56236","method":"GET","route":"/api/suppliers","status":200,"durationMs":70,"orgId":null,"userId":1,"errorCode":null}}
{"timestamp":"2026-07-29T10:47:49.779Z","level":"info","message":"HTTP request completed","meta":{"requestId":"e803bedd-d306-44c8-a843-e5c132994719","method":"GET","route":"/api/inventory","status":200,"durationMs":97,"orgId":null,"userId":1,"errorCode":null}}
{"timestamp":"2026-07-29T10:47:49.782Z","level":"info","message":"HTTP request completed","meta":{"requestId":"286ac5e0-13ae-4ad7-a32e-73fc040c6134","method":"GET","route":"/api/release-scope","status":200,"durationMs":104,"orgId":null,"userId":1,"errorCode":null}}
[SETUP_STATUS] summary requestId=d96c149e-6d8c-49a7-ae8e-00f6905a8724 userId=1 orgId=1 health=ok firstCode=OK criticalCount=0 warningCount=0
{"timestamp":"2026-07-29T10:47:49.793Z","level":"info","message":"HTTP request completed","meta":{"requestId":"9c487f4d-828c-46a5-a1a0-8ad8e02423de","method":"GET","route":"/api/notifications","status":200,"durationMs":114,"orgId":null,"userId":1,"errorCode":null}}
{"timestamp":"2026-07-29T10:47:49.797Z","level":"info","message":"HTTP request completed","meta":{"requestId":"d96c149e-6d8c-49a7-ae8e-00f6905a8724","method":"GET","route":"/api/setup/status","status":200,"durationMs":123,"orgId":null,"userId":1,"errorCode":null}}
{"timestamp":"2026-07-29T10:47:50.798Z","level":"info","message":"HTTP request completed","meta":{"requestId":"c5a2457e-f825-401f-9159-19258cd0fbf7","method":"GET","route":"/api/ready","status":200,"durationMs":11,"orgId":null,"userId":1,"errorCode":null}}
{"timestamp":"2026-07-29T10:47:50.820Z","level":"info","message":"HTTP request completed","meta":{"requestId":"20cf58aa-f07f-4678-8c53-34d352c8b421","method":"GET","route":"/api/release-scope","status":200,"durationMs":15,"orgId":null,"userId":1,"errorCode":null}}
{"timestamp":"2026-07-29T10:47:50.865Z","level":"info","message":"HTTP request completed","meta":{"requestId":"75bc1247-08b4-40a0-9045-e4a002aad523","method":"GET","route":"/api/suppliers","status":200,"durationMs":58,"orgId":null,"userId":1,"errorCode":null}}
{"timestamp":"2026-07-29T10:47:50.901Z","level":"info","message":"HTTP request completed","meta":{"requestId":"ed386d5a-c7a6-43c6-844e-9b07834b0483","method":"GET","route":"/api/user","status":200,"durationMs":86,"orgId":null,"userId":1,"errorCode":null}}
{"timestamp":"2026-07-29T10:47:50.936Z","level":"info","message":"HTTP request completed","meta":{"requestId":"7a7064fa-8fc7-4b98-a834-1b1d5045590c","method":"GET","route":"/api/inventory","status":200,"durationMs":124,"orgId":null,"userId":1,"errorCode":null}}
{"timestamp":"2026-07-29T10:47:51.048Z","level":"info","message":"HTTP request completed","meta":{"requestId":"3edf658c-02c7-4de3-b4d7-846927915508","method":"GET","route":"/api/notifications","status":200,"durationMs":14,"orgId":null,"userId":1,"errorCode":null}}
[SETUP_STATUS] summary requestId=8ea08d7b-9b6e-4313-b207-fb827352faa6 userId=1 orgId=1 health=ok firstCode=OK criticalCount=0 warningCount=0
{"timestamp":"2026-07-29T10:47:51.089Z","level":"info","message":"HTTP request completed","meta":{"requestId":"8ea08d7b-9b6e-4313-b207-fb827352faa6","method":"GET","route":"/api/setup/status","status":200,"durationMs":56,"orgId":null,"userId":1,"errorCode":null}}
{"timestamp":"2026-07-29T10:47:51.536Z","level":"info","message":"HTTP request completed","meta":{"requestId":"f399295c-a6eb-40de-a749-f53f137a6252","method":"GET","route":"/api/diagnostics/findings","status":200,"durationMs":45,"orgId":null,"userId":1,"errorCode":null}}
{"timestamp":"2026-07-29T10:47:56.881Z","level":"info","message":"HTTP request completed","meta":{"requestId":"6e2586c9-43d2-4af2-93d2-7b6e639456eb","method":"GET","route":"/api/ready","status":200,"durationMs":7,"orgId":null,"userId":null,"errorCode":null}}
{"timestamp":"2026-07-29T10:47:56.889Z","level":"info","message":"HTTP request completed","meta":{"requestId":"f81e44f0-6dd7-43ab-8ae2-ad8eaa05af6e","method":"GET","route":"/api/user","status":401,"durationMs":1,"orgId":null,"userId":null,"errorCode":null}}
{"timestamp":"2026-07-29T10:47:57.345Z","level":"info","message":"HTTP request completed","meta":{"requestId":"20855d3d-47c6-4b6e-a683-16b343a8789d","method":"GET","route":"/api/csrf-token","status":200,"durationMs":6,"orgId":null,"userId":null,"errorCode":null}}
{"timestamp":"2026-07-29T10:47:57.477Z","level":"info","message":"HTTP request completed","meta":{"requestId":"89d54c5f-93ed-4ce5-936a-0e74c5f6ee2d","method":"POST","route":"/api/login","status":200,"durationMs":109,"orgId":null,"userId":1,"errorCode":null}}
{"timestamp":"2026-07-29T10:47:57.499Z","level":"info","message":"HTTP request completed","meta":{"requestId":"ae0b2e38-7a4c-4b0e-a284-29490ffb5f6d","method":"GET","route":"/api/ready","status":200,"durationMs":17,"orgId":null,"userId":1,"errorCode":null}}
{"timestamp":"2026-07-29T10:47:57.818Z","level":"info","message":"HTTP request completed","meta":{"requestId":"32628197-d3c3-4b78-a043-45fe60e43fb5","method":"GET","route":"/api/release-scope","status":200,"durationMs":208,"orgId":null,"userId":1,"errorCode":null}}
{"timestamp":"2026-07-29T10:47:57.822Z","level":"info","message":"HTTP request completed","meta":{"requestId":"7e5c2282-3e86-4c99-89ec-1d68a5ed1c2b","method":"GET","route":"/api/suppliers","status":200,"durationMs":210,"orgId":null,"userId":1,"errorCode":null}}
{"timestamp":"2026-07-29T10:47:57.828Z","level":"info","message":"HTTP request completed","meta":{"requestId":"5c6f59ad-3e27-4e95-9fd7-2d20934ec062","method":"GET","route":"/api/notifications","status":200,"durationMs":217,"orgId":null,"userId":1,"errorCode":null}}
[SETUP_STATUS] summary requestId=cff0f7b7-1719-4539-b286-f6e3c97a7c16 userId=1 orgId=1 health=ok firstCode=OK criticalCount=0 warningCount=0
{"timestamp":"2026-07-29T10:47:57.878Z","level":"info","message":"HTTP request completed","meta":{"requestId":"cff0f7b7-1719-4539-b286-f6e3c97a7c16","method":"GET","route":"/api/setup/status","status":200,"durationMs":269,"orgId":null,"userId":1,"errorCode":null}}
{"timestamp":"2026-07-29T10:47:57.879Z","level":"info","message":"HTTP request completed","meta":{"requestId":"a085069b-2ad4-4a34-b22c-b5b654305cde","method":"GET","route":"/api/inventory","status":200,"durationMs":266,"orgId":null,"userId":1,"errorCode":null}}
{"timestamp":"2026-07-29T10:47:58.818Z","level":"info","message":"HTTP request completed","meta":{"requestId":"156b7686-9f96-4174-a630-6943c56f5641","method":"GET","route":"/api/ready","status":200,"durationMs":11,"orgId":null,"userId":1,"errorCode":null}}
{"timestamp":"2026-07-29T10:47:58.837Z","level":"info","message":"HTTP request completed","meta":{"requestId":"19d0720d-79f8-47d9-a693-57f3bb85d18d","method":"GET","route":"/api/release-scope","status":200,"durationMs":18,"orgId":null,"userId":1,"errorCode":null}}
{"timestamp":"2026-07-29T10:47:58.873Z","level":"info","message":"HTTP request completed","meta":{"requestId":"b793450d-00b8-4f4f-9c0f-4ee7ac01723e","method":"GET","route":"/api/user","status":200,"durationMs":50,"orgId":null,"userId":1,"errorCode":null}}
{"timestamp":"2026-07-29T10:47:58.880Z","level":"info","message":"HTTP request completed","meta":{"requestId":"083acf88-cb72-4201-ab0c-34a5087870ee","method":"GET","route":"/api/suppliers","status":200,"durationMs":60,"orgId":null,"userId":1,"errorCode":null}}
{"timestamp":"2026-07-29T10:47:58.904Z","level":"info","message":"HTTP request completed","meta":{"requestId":"d07a9290-ff1b-4eda-80a2-721de18c84a5","method":"GET","route":"/api/inventory","status":200,"durationMs":82,"orgId":null,"userId":1,"errorCode":null}}
{"timestamp":"2026-07-29T10:47:59.054Z","level":"info","message":"HTTP request completed","meta":{"requestId":"d0ac066a-54d3-45f2-922f-1ccd4cba9ea7","method":"GET","route":"/api/notifications","status":200,"durationMs":15,"orgId":null,"userId":1,"errorCode":null}}
[SETUP_STATUS] summary requestId=d5b71c01-1e08-44bf-93ef-6de98497fe39 userId=1 orgId=1 health=ok firstCode=OK criticalCount=0 warningCount=0
{"timestamp":"2026-07-29T10:47:59.072Z","level":"info","message":"HTTP request completed","meta":{"requestId":"d5b71c01-1e08-44bf-93ef-6de98497fe39","method":"GET","route":"/api/setup/status","status":200,"durationMs":35,"orgId":null,"userId":1,"errorCode":null}}
{"timestamp":"2026-07-29T10:47:59.481Z","level":"info","message":"HTTP request completed","meta":{"requestId":"bace9bc4-08fc-45bf-919f-d4f21477ce14","method":"GET","route":"/api/diagnostics/findings","status":200,"durationMs":60,"orgId":null,"userId":1,"errorCode":null}}
{"timestamp":"2026-07-29T10:48:04.997Z","level":"info","message":"HTTP request completed","meta":{"requestId":"554bbc98-9d1c-407f-a1f1-86941de42341","method":"GET","route":"/api/ready","status":200,"durationMs":9,"orgId":null,"userId":null,"errorCode":null}}
{"timestamp":"2026-07-29T10:48:05.004Z","level":"info","message":"HTTP request completed","meta":{"requestId":"1f69b728-3121-482f-bee4-b6eda5258978","method":"GET","route":"/api/user","status":401,"durationMs":1,"orgId":null,"userId":null,"errorCode":null}}
{"timestamp":"2026-07-29T10:48:05.365Z","level":"info","message":"HTTP request completed","meta":{"requestId":"73d0efcd-b8ba-487f-833e-2de5edeeae49","method":"GET","route":"/api/csrf-token","status":200,"durationMs":5,"orgId":null,"userId":null,"errorCode":null}}
{"timestamp":"2026-07-29T10:48:05.492Z","level":"info","message":"HTTP request completed","meta":{"requestId":"34568b75-f14e-40ab-89b6-218f0cbc6875","method":"POST","route":"/api/login","status":200,"durationMs":112,"orgId":null,"userId":1,"errorCode":null}}
{"timestamp":"2026-07-29T10:48:05.513Z","level":"info","message":"HTTP request completed","meta":{"requestId":"beac2940-6f8d-49fc-bd18-a1fa6766039b","method":"GET","route":"/api/ready","status":200,"durationMs":16,"orgId":null,"userId":1,"errorCode":null}}
{"timestamp":"2026-07-29T10:48:05.633Z","level":"info","message":"HTTP request completed","meta":{"requestId":"8daea303-0960-4758-b9dd-6740229e1ec1","method":"GET","route":"/api/notifications","status":200,"durationMs":29,"orgId":null,"userId":1,"errorCode":null}}
{"timestamp":"2026-07-29T10:48:05.734Z","level":"info","message":"HTTP request completed","meta":{"requestId":"499db7c9-816a-41a8-9c69-ffe2c414fb50","method":"GET","route":"/api/suppliers","status":200,"durationMs":129,"orgId":null,"userId":1,"errorCode":null}}
{"timestamp":"2026-07-29T10:48:05.751Z","level":"info","message":"HTTP request completed","meta":{"requestId":"f939053c-aea6-430b-9402-8d7285bfdec5","method":"GET","route":"/api/release-scope","status":200,"durationMs":149,"orgId":null,"userId":1,"errorCode":null}}
[SETUP_STATUS] summary requestId=93fd3392-be8a-48ce-9e47-cecdc1daae01 userId=1 orgId=1 health=ok firstCode=OK criticalCount=0 warningCount=0
{"timestamp":"2026-07-29T10:48:05.774Z","level":"info","message":"HTTP request completed","meta":{"requestId":"7725262c-6e2c-40b0-bb6a-7c0600fe2ad3","method":"GET","route":"/api/inventory","status":200,"durationMs":159,"orgId":null,"userId":1,"errorCode":null}}
{"timestamp":"2026-07-29T10:48:05.776Z","level":"info","message":"HTTP request completed","meta":{"requestId":"93fd3392-be8a-48ce-9e47-cecdc1daae01","method":"GET","route":"/api/setup/status","status":200,"durationMs":176,"orgId":null,"userId":1,"errorCode":null}}
{"timestamp":"2026-07-29T10:48:06.727Z","level":"info","message":"HTTP request completed","meta":{"requestId":"200d43f1-0cbe-4952-8627-e3d5a8a961b9","method":"GET","route":"/api/ready","status":200,"durationMs":11,"orgId":null,"userId":1,"errorCode":null}}
{"timestamp":"2026-07-29T10:48:06.747Z","level":"info","message":"HTTP request completed","meta":{"requestId":"655cab6d-9116-4fa9-9009-69b42900a88c","method":"GET","route":"/api/release-scope","status":200,"durationMs":18,"orgId":null,"userId":1,"errorCode":null}}
{"timestamp":"2026-07-29T10:48:06.749Z","level":"info","message":"HTTP request completed","meta":{"requestId":"a0ae53f2-17a7-41e0-b8e3-8e848db4d51e","method":"GET","route":"/api/user","status":200,"durationMs":17,"orgId":null,"userId":1,"errorCode":null}}
{"timestamp":"2026-07-29T10:48:06.837Z","level":"info","message":"HTTP request completed","meta":{"requestId":"8025dd29-0c4b-45b3-ac14-ddc1e87ad6df","method":"GET","route":"/api/suppliers","status":200,"durationMs":106,"orgId":null,"userId":1,"errorCode":null}}
{"timestamp":"2026-07-29T10:48:06.859Z","level":"info","message":"HTTP request completed","meta":{"requestId":"0f906770-07d5-4503-a457-f418dfdc1883","method":"GET","route":"/api/inventory","status":200,"durationMs":127,"orgId":null,"userId":1,"errorCode":null}}
[SETUP_STATUS] summary requestId=a8771700-ab32-42ca-b01e-a3030627a56a userId=1 orgId=1 health=ok firstCode=OK criticalCount=0 warningCount=0
{"timestamp":"2026-07-29T10:48:06.999Z","level":"info","message":"HTTP request completed","meta":{"requestId":"4a9479f3-bf87-43d2-b23b-a17f4564343d","method":"GET","route":"/api/notifications","status":200,"durationMs":31,"orgId":null,"userId":1,"errorCode":null}}
{"timestamp":"2026-07-29T10:48:07.001Z","level":"info","message":"HTTP request completed","meta":{"requestId":"a8771700-ab32-42ca-b01e-a3030627a56a","method":"GET","route":"/api/setup/status","status":200,"durationMs":34,"orgId":null,"userId":1,"errorCode":null}}
{"timestamp":"2026-07-29T10:48:07.403Z","level":"info","message":"HTTP request completed","meta":{"requestId":"46a7b283-1946-4d29-a08f-a501753ef78f","method":"GET","route":"/api/diagnostics/findings","status":200,"durationMs":42,"orgId":null,"userId":1,"errorCode":null}}
{"timestamp":"2026-07-29T10:48:09.287Z","level":"info","message":"HTTP request completed","meta":{"requestId":"51c093b4-866c-4f2f-9a7b-ea54abeb63a1","method":"GET","route":"/api/ready","status":200,"durationMs":7,"orgId":null,"userId":null,"errorCode":null}}
{"timestamp":"2026-07-29T10:48:09.294Z","level":"info","message":"HTTP request completed","meta":{"requestId":"b4bca5a1-333d-4e98-9e32-6ad8bc72ad28","method":"GET","route":"/api/user","status":401,"durationMs":2,"orgId":null,"userId":null,"errorCode":null}}
{"timestamp":"2026-07-29T10:48:09.739Z","level":"info","message":"HTTP request completed","meta":{"requestId":"9d309fa3-0446-414b-969f-3a4bc725ee2a","method":"GET","route":"/api/csrf-token","status":200,"durationMs":4,"orgId":null,"userId":null,"errorCode":null}}
{"timestamp":"2026-07-29T10:48:09.871Z","level":"info","message":"HTTP request completed","meta":{"requestId":"3c5e9de6-e99e-4cb5-b021-778b28bdbc43","method":"POST","route":"/api/login","status":200,"durationMs":115,"orgId":null,"userId":1,"errorCode":null}}
{"timestamp":"2026-07-29T10:48:09.897Z","level":"info","message":"HTTP request completed","meta":{"requestId":"dcedfbd1-e0ca-4f01-811b-4472979d7c43","method":"GET","route":"/api/ready","status":200,"durationMs":19,"orgId":null,"userId":1,"errorCode":null}}
{"timestamp":"2026-07-29T10:48:10.044Z","level":"info","message":"HTTP request completed","meta":{"requestId":"9bb9ba26-b84d-4549-8ed7-5f3eb1f3dd80","method":"GET","route":"/api/notifications","status":200,"durationMs":69,"orgId":null,"userId":1,"errorCode":null}}
{"timestamp":"2026-07-29T10:48:10.047Z","level":"info","message":"HTTP request completed","meta":{"requestId":"9122d5ba-978f-4877-bdca-b2027eee7ec5","method":"GET","route":"/api/suppliers","status":200,"durationMs":65,"orgId":null,"userId":1,"errorCode":null}}
{"timestamp":"2026-07-29T10:48:10.056Z","level":"info","message":"HTTP request completed","meta":{"requestId":"7a555de3-0081-474f-b556-ff1daf4b95c9","method":"GET","route":"/api/release-scope","status":200,"durationMs":82,"orgId":null,"userId":1,"errorCode":null}}
[SETUP_STATUS] summary requestId=b7db1817-e917-4073-9a3f-55e9d750f6c2 userId=1 orgId=1 health=ok firstCode=OK criticalCount=0 warningCount=0
{"timestamp":"2026-07-29T10:48:10.089Z","level":"info","message":"HTTP request completed","meta":{"requestId":"b7db1817-e917-4073-9a3f-55e9d750f6c2","method":"GET","route":"/api/setup/status","status":200,"durationMs":117,"orgId":null,"userId":1,"errorCode":null}}
{"timestamp":"2026-07-29T10:48:10.090Z","level":"info","message":"HTTP request completed","meta":{"requestId":"da628fdf-1845-4a47-b97d-579a95ba190c","method":"GET","route":"/api/inventory","status":200,"durationMs":103,"orgId":null,"userId":1,"errorCode":null}}
{"timestamp":"2026-07-29T10:48:11.110Z","level":"info","message":"HTTP request completed","meta":{"requestId":"266e8b0d-5c6d-490a-9186-15eda471c198","method":"GET","route":"/api/ready","status":200,"durationMs":10,"orgId":null,"userId":1,"errorCode":null}}
{"timestamp":"2026-07-29T10:48:11.127Z","level":"info","message":"HTTP request completed","meta":{"requestId":"b472e096-1e40-40d1-8a4c-f06c81a56923","method":"GET","route":"/api/release-scope","status":200,"durationMs":14,"orgId":null,"userId":1,"errorCode":null}}
{"timestamp":"2026-07-29T10:48:11.131Z","level":"info","message":"HTTP request completed","meta":{"requestId":"99937c65-ab2a-4dc5-b805-9586968b39e6","method":"GET","route":"/api/user","status":200,"durationMs":13,"orgId":null,"userId":1,"errorCode":null}}
{"timestamp":"2026-07-29T10:48:11.263Z","level":"info","message":"HTTP request completed","meta":{"requestId":"2c57ba6d-8abd-4f49-b652-4a1e0456ed20","method":"GET","route":"/api/suppliers","status":200,"durationMs":149,"orgId":null,"userId":1,"errorCode":null}}
{"timestamp":"2026-07-29T10:48:11.288Z","level":"info","message":"HTTP request completed","meta":{"requestId":"2bc7cb06-f6ac-41ad-b49c-52ea50faaf75","method":"GET","route":"/api/inventory","status":200,"durationMs":173,"orgId":null,"userId":1,"errorCode":null}}
{"timestamp":"2026-07-29T10:48:11.392Z","level":"info","message":"HTTP request completed","meta":{"requestId":"96a1eaab-698d-4a7d-9e5a-84ac536519df","method":"GET","route":"/api/notifications","status":200,"durationMs":19,"orgId":null,"userId":1,"errorCode":null}}
[SETUP_STATUS] summary requestId=b525ec91-5126-45b7-b47f-83d2843faa2d userId=1 orgId=1 health=ok firstCode=OK criticalCount=0 warningCount=0
{"timestamp":"2026-07-29T10:48:11.415Z","level":"info","message":"HTTP request completed","meta":{"requestId":"b525ec91-5126-45b7-b47f-83d2843faa2d","method":"GET","route":"/api/setup/status","status":200,"durationMs":43,"orgId":null,"userId":1,"errorCode":null}}
{"timestamp":"2026-07-29T10:48:11.912Z","level":"info","message":"HTTP request completed","meta":{"requestId":"0f03d047-ec6b-4ce4-a360-442bdad3655d","method":"GET","route":"/api/diagnostics/findings","status":200,"durationMs":50,"orgId":null,"userId":1,"errorCode":null}}
{"timestamp":"2026-07-29T10:48:15.254Z","level":"info","message":"HTTP request completed","meta":{"requestId":"09fad9b3-5f99-4316-b6d9-39670f3aff54","method":"GET","route":"/api/ready","status":200,"durationMs":8,"orgId":null,"userId":null,"errorCode":null}}
{"timestamp":"2026-07-29T10:48:15.262Z","level":"info","message":"HTTP request completed","meta":{"requestId":"2e7e1567-0517-4499-bccd-88ee54e616ad","method":"GET","route":"/api/user","status":401,"durationMs":1,"orgId":null,"userId":null,"errorCode":null}}
{"timestamp":"2026-07-29T10:48:15.754Z","level":"info","message":"HTTP request completed","meta":{"requestId":"4c64a143-8b96-4703-965c-f6d273d4e410","method":"GET","route":"/api/csrf-token","status":200,"durationMs":4,"orgId":null,"userId":null,"errorCode":null}}
{"timestamp":"2026-07-29T10:48:15.886Z","level":"info","message":"HTTP request completed","meta":{"requestId":"cd4ba88f-4319-47a8-a14a-7210094cff30","method":"POST","route":"/api/login","status":200,"durationMs":117,"orgId":null,"userId":1,"errorCode":null}}
{"timestamp":"2026-07-29T10:48:15.912Z","level":"info","message":"HTTP request completed","meta":{"requestId":"da3d97af-d711-4ba0-a2a7-c2a01e350842","method":"GET","route":"/api/ready","status":200,"durationMs":14,"orgId":null,"userId":1,"errorCode":null}}
{"timestamp":"2026-07-29T10:48:16.007Z","level":"info","message":"HTTP request completed","meta":{"requestId":"03e51308-9c55-4dd5-b4f0-2d35de45b4e6","method":"GET","route":"/api/notifications","status":200,"durationMs":16,"orgId":null,"userId":1,"errorCode":null}}
{"timestamp":"2026-07-29T10:48:16.051Z","level":"info","message":"HTTP request completed","meta":{"requestId":"49260b48-91f0-466e-9ffb-7f2261ee0ca7","method":"GET","route":"/api/suppliers","status":200,"durationMs":53,"orgId":null,"userId":1,"errorCode":null}}
{"timestamp":"2026-07-29T10:48:16.075Z","level":"info","message":"HTTP request completed","meta":{"requestId":"1ba41e32-28bd-49c4-a028-074bf34de21d","method":"GET","route":"/api/release-scope","status":200,"durationMs":84,"orgId":null,"userId":1,"errorCode":null}}
[SETUP_STATUS] summary requestId=f80c2ac3-53ad-472f-92f6-0c31ed0b9380 userId=1 orgId=1 health=ok firstCode=OK criticalCount=0 warningCount=0
{"timestamp":"2026-07-29T10:48:16.104Z","level":"info","message":"HTTP request completed","meta":{"requestId":"5c11ebe1-936f-4ba3-898c-b17078ef3401","method":"GET","route":"/api/inventory","status":200,"durationMs":105,"orgId":null,"userId":1,"errorCode":null}}
{"timestamp":"2026-07-29T10:48:16.107Z","level":"info","message":"HTTP request completed","meta":{"requestId":"f80c2ac3-53ad-472f-92f6-0c31ed0b9380","method":"GET","route":"/api/setup/status","status":200,"durationMs":117,"orgId":null,"userId":1,"errorCode":null}}
{"timestamp":"2026-07-29T10:48:16.938Z","level":"info","message":"HTTP request completed","meta":{"requestId":"0adef55c-6fe3-4abb-8292-2983eeec3d39","method":"GET","route":"/api/ready","status":200,"durationMs":11,"orgId":null,"userId":1,"errorCode":null}}
{"timestamp":"2026-07-29T10:48:16.954Z","level":"info","message":"HTTP request completed","meta":{"requestId":"27a8bae2-a0ae-4018-9c8f-c89e2bce6b99","method":"GET","route":"/api/release-scope","status":200,"durationMs":15,"orgId":null,"userId":1,"errorCode":null}}
{"timestamp":"2026-07-29T10:48:17.008Z","level":"info","message":"HTTP request completed","meta":{"requestId":"6e269ae4-7dc0-4e58-9a3f-7dcd8f6c97cb","method":"GET","route":"/api/suppliers","status":200,"durationMs":68,"orgId":null,"userId":1,"errorCode":null}}
{"timestamp":"2026-07-29T10:48:17.009Z","level":"info","message":"HTTP request completed","meta":{"requestId":"d74c27d0-8c6b-4c3c-9a53-f959e986f95b","method":"GET","route":"/api/user","status":200,"durationMs":65,"orgId":null,"userId":1,"errorCode":null}}
{"timestamp":"2026-07-29T10:48:17.039Z","level":"info","message":"HTTP request completed","meta":{"requestId":"d7a7706d-32cb-4103-8b73-6c467d05c535","method":"GET","route":"/api/inventory","status":200,"durationMs":97,"orgId":null,"userId":1,"errorCode":null}}
{"timestamp":"2026-07-29T10:48:17.198Z","level":"info","message":"HTTP request completed","meta":{"requestId":"19116c97-ee93-4076-876e-0b0550feeb36","method":"GET","route":"/api/notifications","status":200,"durationMs":17,"orgId":null,"userId":1,"errorCode":null}}
[SETUP_STATUS] summary requestId=58af5001-fb9d-4fd8-b921-42e60182100b userId=1 orgId=1 health=ok firstCode=OK criticalCount=0 warningCount=0
{"timestamp":"2026-07-29T10:48:17.213Z","level":"info","message":"HTTP request completed","meta":{"requestId":"58af5001-fb9d-4fd8-b921-42e60182100b","method":"GET","route":"/api/setup/status","status":200,"durationMs":34,"orgId":null,"userId":1,"errorCode":null}}
{"timestamp":"2026-07-29T10:48:17.637Z","level":"info","message":"HTTP request completed","meta":{"requestId":"25b21a9b-70be-4721-ba5d-e7765b09cbed","method":"GET","route":"/api/diagnostics/findings","status":200,"durationMs":56,"orgId":null,"userId":1,"errorCode":null}}
{"timestamp":"2026-07-29T10:48:21.197Z","level":"info","message":"HTTP request completed","meta":{"requestId":"08377967-cdff-4a6b-8c82-ed057c8d6ea9","method":"GET","route":"/api/ready","status":200,"durationMs":10,"orgId":null,"userId":null,"errorCode":null}}
{"timestamp":"2026-07-29T10:48:21.210Z","level":"info","message":"HTTP request completed","meta":{"requestId":"ba976bb5-32ac-407e-8407-6375546c1352","method":"GET","route":"/api/user","status":401,"durationMs":1,"orgId":null,"userId":null,"errorCode":null}}
{"timestamp":"2026-07-29T10:48:21.772Z","level":"info","message":"HTTP request completed","meta":{"requestId":"9ff1aa04-ef3d-44fb-b99d-9ecc11f99b33","method":"GET","route":"/api/csrf-token","status":200,"durationMs":8,"orgId":null,"userId":null,"errorCode":null}}
{"timestamp":"2026-07-29T10:48:21.893Z","level":"info","message":"HTTP request completed","meta":{"requestId":"0ca01264-0994-464e-96ae-4ddd4540513d","method":"POST","route":"/api/login","status":200,"durationMs":106,"orgId":null,"userId":1,"errorCode":null}}
{"timestamp":"2026-07-29T10:48:21.925Z","level":"info","message":"HTTP request completed","meta":{"requestId":"e485337c-6226-4cb1-af1f-a8f4180dc73d","method":"GET","route":"/api/ready","status":200,"durationMs":21,"orgId":null,"userId":1,"errorCode":null}}
{"timestamp":"2026-07-29T10:48:22.069Z","level":"info","message":"HTTP request completed","meta":{"requestId":"39244646-df36-45b8-819c-fb166f22fd2e","method":"GET","route":"/api/release-scope","status":200,"durationMs":65,"orgId":null,"userId":1,"errorCode":null}}
{"timestamp":"2026-07-29T10:48:22.072Z","level":"info","message":"HTTP request completed","meta":{"requestId":"24d09998-0b5b-4775-951d-a86da289eda1","method":"GET","route":"/api/suppliers","status":200,"durationMs":61,"orgId":null,"userId":1,"errorCode":null}}
{"timestamp":"2026-07-29T10:48:22.073Z","level":"info","message":"HTTP request completed","meta":{"requestId":"2f848e06-9e23-4285-801b-ba2e218ae00e","method":"GET","route":"/api/notifications","status":200,"durationMs":64,"orgId":null,"userId":1,"errorCode":null}}
[SETUP_STATUS] summary requestId=fba1476c-88ea-455b-a178-d357078674a4 userId=1 orgId=1 health=ok firstCode=OK criticalCount=0 warningCount=0
{"timestamp":"2026-07-29T10:48:22.089Z","level":"info","message":"HTTP request completed","meta":{"requestId":"fba1476c-88ea-455b-a178-d357078674a4","method":"GET","route":"/api/setup/status","status":200,"durationMs":89,"orgId":null,"userId":1,"errorCode":null}}
{"timestamp":"2026-07-29T10:48:22.107Z","level":"info","message":"HTTP request completed","meta":{"requestId":"9b132095-10bc-4721-9819-870f200b35bd","method":"GET","route":"/api/inventory","status":200,"durationMs":95,"orgId":null,"userId":1,"errorCode":null}}
{"timestamp":"2026-07-29T10:48:23.064Z","level":"info","message":"HTTP request completed","meta":{"requestId":"880e20b6-0fb1-4233-9c7c-0a7ad509a71b","method":"GET","route":"/api/ready","status":200,"durationMs":10,"orgId":null,"userId":1,"errorCode":null}}
{"timestamp":"2026-07-29T10:48:23.083Z","level":"info","message":"HTTP request completed","meta":{"requestId":"93583187-f14a-4b94-8bf0-133f80c97227","method":"GET","route":"/api/release-scope","status":200,"durationMs":16,"orgId":null,"userId":1,"errorCode":null}}
{"timestamp":"2026-07-29T10:48:23.087Z","level":"info","message":"HTTP request completed","meta":{"requestId":"a7ab7eeb-cf33-446b-8d07-484bd75e18a8","method":"GET","route":"/api/user","status":200,"durationMs":15,"orgId":null,"userId":1,"errorCode":null}}
{"timestamp":"2026-07-29T10:48:23.169Z","level":"info","message":"HTTP request completed","meta":{"requestId":"677e37e1-1322-403e-af09-dc563a6c6d6b","method":"GET","route":"/api/suppliers","status":200,"durationMs":101,"orgId":null,"userId":1,"errorCode":null}}
{"timestamp":"2026-07-29T10:48:23.185Z","level":"info","message":"HTTP request completed","meta":{"requestId":"3e097e1e-7669-48b6-bf41-605732d1015c","method":"GET","route":"/api/inventory","status":200,"durationMs":114,"orgId":null,"userId":1,"errorCode":null}}
[SETUP_STATUS] summary requestId=c606f94a-6003-4241-abc6-e8f13a9e4d1e userId=1 orgId=1 health=ok firstCode=OK criticalCount=0 warningCount=0
{"timestamp":"2026-07-29T10:48:23.317Z","level":"info","message":"HTTP request completed","meta":{"requestId":"c606f94a-6003-4241-abc6-e8f13a9e4d1e","method":"GET","route":"/api/setup/status","status":200,"durationMs":23,"orgId":null,"userId":1,"errorCode":null}}
{"timestamp":"2026-07-29T10:48:23.322Z","level":"info","message":"HTTP request completed","meta":{"requestId":"75996152-1c39-49d7-8db8-0aa097c2673d","method":"GET","route":"/api/notifications","status":200,"durationMs":25,"orgId":null,"userId":1,"errorCode":null}}
{"timestamp":"2026-07-29T10:48:23.735Z","level":"info","message":"HTTP request completed","meta":{"requestId":"60820ede-af6e-4fae-a581-8d3cd7d06179","method":"GET","route":"/api/diagnostics/findings","status":200,"durationMs":69,"orgId":null,"userId":1,"errorCode":null}}
{"timestamp":"2026-07-29T10:48:26.206Z","level":"info","message":"HTTP request completed","meta":{"requestId":"04384cd9-fe75-41cc-8452-960f6b4b1046","method":"GET","route":"/api/ready","status":200,"durationMs":7,"orgId":null,"userId":null,"errorCode":null}}
{"timestamp":"2026-07-29T10:48:26.213Z","level":"info","message":"HTTP request completed","meta":{"requestId":"64e486a1-b20f-40ad-a70c-83eb8a26e6e9","method":"GET","route":"/api/user","status":401,"durationMs":1,"orgId":null,"userId":null,"errorCode":null}}
{"timestamp":"2026-07-29T10:48:26.569Z","level":"info","message":"HTTP request completed","meta":{"requestId":"a3af7847-deee-4672-9e3b-729e56c38339","method":"GET","route":"/api/csrf-token","status":200,"durationMs":4,"orgId":null,"userId":null,"errorCode":null}}
{"timestamp":"2026-07-29T10:48:26.704Z","level":"info","message":"HTTP request completed","meta":{"requestId":"36de3dcc-2253-4463-af84-3fbdcf5e7e37","method":"POST","route":"/api/login","status":200,"durationMs":117,"orgId":null,"userId":1,"errorCode":null}}
{"timestamp":"2026-07-29T10:48:26.726Z","level":"info","message":"HTTP request completed","meta":{"requestId":"06cb6e71-3b2e-4ec5-94c0-2725530ada1c","method":"GET","route":"/api/ready","status":200,"durationMs":17,"orgId":null,"userId":1,"errorCode":null}}
{"timestamp":"2026-07-29T10:48:26.874Z","level":"info","message":"HTTP request completed","meta":{"requestId":"d9739b02-495a-45bf-938c-4eefec8b8169","method":"GET","route":"/api/notifications","status":200,"durationMs":62,"orgId":null,"userId":1,"errorCode":null}}
{"timestamp":"2026-07-29T10:48:26.929Z","level":"info","message":"HTTP request completed","meta":{"requestId":"fd04bd93-4d3a-4f37-9db2-fdd3f96771b0","method":"GET","route":"/api/suppliers","status":200,"durationMs":115,"orgId":null,"userId":1,"errorCode":null}}
{"timestamp":"2026-07-29T10:48:26.942Z","level":"info","message":"HTTP request completed","meta":{"requestId":"9b947322-101f-4828-9ab0-476d06257bf2","method":"GET","route":"/api/release-scope","status":200,"durationMs":134,"orgId":null,"userId":1,"errorCode":null}}
[SETUP_STATUS] summary requestId=35f50696-1688-4639-8b0f-7fb4849347ef userId=1 orgId=1 health=ok firstCode=OK criticalCount=0 warningCount=0
{"timestamp":"2026-07-29T10:48:26.995Z","level":"info","message":"HTTP request completed","meta":{"requestId":"35f50696-1688-4639-8b0f-7fb4849347ef","method":"GET","route":"/api/setup/status","status":200,"durationMs":188,"orgId":null,"userId":1,"errorCode":null}}
{"timestamp":"2026-07-29T10:48:26.996Z","level":"info","message":"HTTP request completed","meta":{"requestId":"f8539e7f-0dd3-44e6-8a8f-fc20aa136fdf","method":"GET","route":"/api/inventory","status":200,"durationMs":180,"orgId":null,"userId":1,"errorCode":null}}
{"timestamp":"2026-07-29T10:48:27.930Z","level":"info","message":"HTTP request completed","meta":{"requestId":"2b1ddcc6-bc2c-4e6f-aa87-4b071d7395e2","method":"GET","route":"/api/ready","status":200,"durationMs":12,"orgId":null,"userId":1,"errorCode":null}}
{"timestamp":"2026-07-29T10:48:27.944Z","level":"info","message":"HTTP request completed","meta":{"requestId":"e6df2f7c-5ef3-405a-839c-2679d7e50aaa","method":"GET","route":"/api/release-scope","status":200,"durationMs":13,"orgId":null,"userId":1,"errorCode":null}}
{"timestamp":"2026-07-29T10:48:27.947Z","level":"info","message":"HTTP request completed","meta":{"requestId":"77621f91-9177-43f3-9a19-c76430dbcf71","method":"GET","route":"/api/user","status":200,"durationMs":12,"orgId":null,"userId":1,"errorCode":null}}
{"timestamp":"2026-07-29T10:48:27.990Z","level":"info","message":"HTTP request completed","meta":{"requestId":"a46131d4-d9c4-4f4f-aacc-c252ecaa609d","method":"GET","route":"/api/suppliers","status":200,"durationMs":58,"orgId":null,"userId":1,"errorCode":null}}
{"timestamp":"2026-07-29T10:48:28.015Z","level":"info","message":"HTTP request completed","meta":{"requestId":"957efd02-1807-456d-9dcb-a7603b6dcffa","method":"GET","route":"/api/inventory","status":200,"durationMs":81,"orgId":null,"userId":1,"errorCode":null}}
{"timestamp":"2026-07-29T10:48:28.166Z","level":"info","message":"HTTP request completed","meta":{"requestId":"f7bc8349-f6aa-42dd-8566-29b44caef8dd","method":"GET","route":"/api/notifications","status":200,"durationMs":16,"orgId":null,"userId":1,"errorCode":null}}
[SETUP_STATUS] summary requestId=875a776b-f493-463d-ae25-b6186586f4ad userId=1 orgId=1 health=ok firstCode=OK criticalCount=0 warningCount=0
{"timestamp":"2026-07-29T10:48:28.177Z","level":"info","message":"HTTP request completed","meta":{"requestId":"875a776b-f493-463d-ae25-b6186586f4ad","method":"GET","route":"/api/setup/status","status":200,"durationMs":28,"orgId":null,"userId":1,"errorCode":null}}
{"timestamp":"2026-07-29T10:48:28.647Z","level":"info","message":"HTTP request completed","meta":{"requestId":"18b21948-0d4e-4527-8d74-9a4840f8cf54","method":"GET","route":"/api/diagnostics/findings","status":200,"durationMs":50,"orgId":null,"userId":1,"errorCode":null}}
{"timestamp":"2026-07-29T10:48:29.028Z","level":"info","message":"HTTP request completed","meta":{"requestId":"4446f1cb-b9fd-478d-91da-8a950b365266","method":"GET","route":"/api/diagnostics/summary","status":200,"durationMs":430,"orgId":null,"userId":1,"errorCode":null}}
{"timestamp":"2026-07-29T10:48:29.279Z","level":"info","message":"HTTP request completed","meta":{"requestId":"48334cea-a6ba-4dd2-848d-53a460fdaede","method":"GET","route":"/api/csrf-token","status":200,"durationMs":27,"orgId":null,"userId":1,"errorCode":null}}
{"timestamp":"2026-07-29T10:48:29.377Z","level":"info","message":"HTTP request completed","meta":{"requestId":"01154678-1bd3-40e3-a2a9-677aca8186fc","method":"POST","route":"/api/diagnostics/probes/run","status":200,"durationMs":60,"orgId":null,"userId":1,"errorCode":null}}
{"timestamp":"2026-07-29T10:48:29.504Z","level":"info","message":"HTTP request completed","meta":{"requestId":"6115e493-cd5d-43b6-8dc1-8becfc9e3be3","method":"GET","route":"/api/diagnostics/findings","status":200,"durationMs":64,"orgId":null,"userId":1,"errorCode":null}}
{"timestamp":"2026-07-29T10:48:29.733Z","level":"info","message":"HTTP request completed","meta":{"requestId":"8b53cc6b-3cc1-4424-afc3-263f06835b8f","method":"GET","route":"/api/diagnostics/findings","status":200,"durationMs":36,"orgId":null,"userId":1,"errorCode":null}}
{"timestamp":"2026-07-29T10:48:30.031Z","level":"info","message":"HTTP request completed","meta":{"requestId":"c432d3ef-8c36-4dfa-92ec-4e65bd8ad2ea","method":"GET","route":"/api/diagnostics/findings","status":200,"durationMs":39,"orgId":null,"userId":1,"errorCode":null}}
{"timestamp":"2026-07-29T10:48:30.051Z","level":"info","message":"HTTP request completed","meta":{"requestId":"f0db129a-e5dc-4a12-8411-8830b37b0bd9","method":"GET","route":"/api/diagnostics/summary","status":200,"durationMs":594,"orgId":null,"userId":1,"errorCode":null}}
{"timestamp":"2026-07-29T10:48:42.793Z","level":"info","message":"HTTP request completed","meta":{"requestId":"53bad73e-f51b-4de9-a1fe-383e04b28ead","method":"GET","route":"/api/ready","status":200,"durationMs":8,"orgId":null,"userId":null,"errorCode":null}}
{"timestamp":"2026-07-29T10:48:42.813Z","level":"info","message":"HTTP request completed","meta":{"requestId":"bf7d1a1e-5c24-4137-b400-3667b605f879","method":"GET","route":"/api/csrf-token","status":200,"durationMs":4,"orgId":null,"userId":null,"errorCode":null}}
{"timestamp":"2026-07-29T10:48:42.928Z","level":"info","message":"HTTP request completed","meta":{"requestId":"18fa97f4-4c98-410f-a7f5-5530f06e0001","method":"POST","route":"/api/auth/login","status":200,"durationMs":104,"orgId":null,"userId":1,"errorCode":null}}
{"timestamp":"2026-07-29T10:48:42.943Z","level":"info","message":"HTTP request completed","meta":{"requestId":"fade30d0-79e0-4e44-a35f-8086b936f785","method":"GET","route":"/api/csrf-token","status":200,"durationMs":10,"orgId":null,"userId":1,"errorCode":null}}
{"timestamp":"2026-07-29T10:48:43.022Z","level":"info","message":"HTTP request completed","meta":{"requestId":"46d56cc7-81ce-4904-a77e-174586d38d5a","method":"POST","route":"/api/purchase-requisitions","status":201,"durationMs":76,"orgId":null,"userId":1,"errorCode":null}}
{"timestamp":"2026-07-29T10:48:43.033Z","level":"info","message":"HTTP request completed","meta":{"requestId":"5d26f26f-92cf-4ee5-a24b-ddb20b0b54be","method":"GET","route":"/api/csrf-token","status":200,"durationMs":9,"orgId":null,"userId":1,"errorCode":null}}
{"timestamp":"2026-07-29T10:48:43.060Z","level":"info","message":"HTTP request completed","meta":{"requestId":"acea975b-61a1-42ca-844b-db9ee6436cd9","method":"POST","route":"/api/purchase-requisitions/1246/approve","status":200,"durationMs":24,"orgId":null,"userId":1,"errorCode":null}}
{"timestamp":"2026-07-29T10:48:43.068Z","level":"info","message":"HTTP request completed","meta":{"requestId":"fe663daf-039d-44d2-960d-c0adc083cc4d","method":"GET","route":"/api/csrf-token","status":200,"durationMs":7,"orgId":null,"userId":1,"errorCode":null}}
{"timestamp":"2026-07-29T10:48:43.150Z","level":"info","message":"HTTP request completed","meta":{"requestId":"b3a49848-ebe6-4095-be09-49718c32274f","method":"POST","route":"/api/purchase-requisitions/1246/convert","status":201,"durationMs":79,"orgId":null,"userId":1,"errorCode":null}}
{"timestamp":"2026-07-29T10:48:43.162Z","level":"info","message":"HTTP request completed","meta":{"requestId":"badd78b5-ae3a-41dc-a803-d27d2dca4594","method":"GET","route":"/api/csrf-token","status":200,"durationMs":10,"orgId":null,"userId":1,"errorCode":null}}
{"timestamp":"2026-07-29T10:48:43.195Z","level":"info","message":"HTTP request completed","meta":{"requestId":"b215663a-f323-4fdb-8c20-de93d6e975a5","method":"POST","route":"/api/purchase-requisitions","status":201,"durationMs":31,"orgId":null,"userId":1,"errorCode":null}}
{"timestamp":"2026-07-29T10:48:43.204Z","level":"info","message":"HTTP request completed","meta":{"requestId":"9aa12643-a51f-43e2-b369-104d9e155b5c","method":"GET","route":"/api/csrf-token","status":200,"durationMs":8,"orgId":null,"userId":1,"errorCode":null}}
{"timestamp":"2026-07-29T10:48:43.223Z","level":"info","message":"HTTP request completed","meta":{"requestId":"6a3200d2-7616-4ad6-9d1f-71faca6d9393","method":"POST","route":"/api/purchase-requisitions/1247/approve","status":200,"durationMs":18,"orgId":null,"userId":1,"errorCode":null}}
{"timestamp":"2026-07-29T10:48:43.231Z","level":"info","message":"HTTP request completed","meta":{"requestId":"72b2dab8-f13f-4250-a86b-acd24f6d18bd","method":"GET","route":"/api/csrf-token","status":200,"durationMs":7,"orgId":null,"userId":1,"errorCode":null}}
{"timestamp":"2026-07-29T10:48:43.269Z","level":"info","message":"HTTP request completed","meta":{"requestId":"298ae44b-f907-4665-9534-89cdcbd9d527","method":"POST","route":"/api/purchase-requisitions/1247/convert","status":201,"durationMs":36,"orgId":null,"userId":1,"errorCode":null}}
{"timestamp":"2026-07-29T10:48:43.277Z","level":"info","message":"HTTP request completed","meta":{"requestId":"44f105d1-7101-4d6d-b8ae-01665c6ce8b9","method":"GET","route":"/api/csrf-token","status":200,"durationMs":6,"orgId":null,"userId":1,"errorCode":null}}
{"timestamp":"2026-07-29T10:48:43.313Z","level":"info","message":"HTTP request completed","meta":{"requestId":"55610535-3e6e-40e3-a0f5-2b9515371159","method":"POST","route":"/api/purchase-requisitions","status":201,"durationMs":34,"orgId":null,"userId":1,"errorCode":null}}
{"timestamp":"2026-07-29T10:48:43.321Z","level":"info","message":"HTTP request completed","meta":{"requestId":"3607b442-3565-4b48-9ea4-9057d39e56a9","method":"GET","route":"/api/csrf-token","status":200,"durationMs":6,"orgId":null,"userId":1,"errorCode":null}}
{"timestamp":"2026-07-29T10:48:43.339Z","level":"info","message":"HTTP request completed","meta":{"requestId":"74d3c513-6866-4d15-8f19-8cc0b58ea07e","method":"POST","route":"/api/purchase-requisitions/1248/approve","status":200,"durationMs":16,"orgId":null,"userId":1,"errorCode":null}}
{"timestamp":"2026-07-29T10:48:43.348Z","level":"info","message":"HTTP request completed","meta":{"requestId":"b56f7574-f5bf-43ea-8c6d-36c90c5adaed","method":"GET","route":"/api/csrf-token","status":200,"durationMs":8,"orgId":null,"userId":1,"errorCode":null}}
{"timestamp":"2026-07-29T10:48:43.383Z","level":"info","message":"HTTP request completed","meta":{"requestId":"46372253-0707-4127-aba6-ec51e283b980","method":"POST","route":"/api/purchase-requisitions/1248/convert","status":201,"durationMs":33,"orgId":null,"userId":1,"errorCode":null}}
{"timestamp":"2026-07-29T10:48:43.391Z","level":"info","message":"HTTP request completed","meta":{"requestId":"bb02b29f-56e4-4a7a-b136-802237ee2c7f","method":"GET","route":"/api/csrf-token","status":200,"durationMs":6,"orgId":null,"userId":1,"errorCode":null}}
{"timestamp":"2026-07-29T10:48:43.419Z","level":"info","message":"HTTP request completed","meta":{"requestId":"e68efd78-1faf-496e-96b6-5983c1f6ca6d","method":"POST","route":"/api/purchase-requisitions","status":201,"durationMs":27,"orgId":null,"userId":1,"errorCode":null}}
{"timestamp":"2026-07-29T10:48:43.427Z","level":"info","message":"HTTP request completed","meta":{"requestId":"d5169b65-391d-44aa-8a8d-6cb415fcf6bf","method":"GET","route":"/api/csrf-token","status":200,"durationMs":7,"orgId":null,"userId":1,"errorCode":null}}
{"timestamp":"2026-07-29T10:48:43.443Z","level":"info","message":"HTTP request completed","meta":{"requestId":"4fbc61f0-2a66-4d1e-b43d-1ff57d5f6023","method":"POST","route":"/api/purchase-requisitions/1249/approve","status":200,"durationMs":15,"orgId":null,"userId":1,"errorCode":null}}
{"timestamp":"2026-07-29T10:48:43.450Z","level":"info","message":"HTTP request completed","meta":{"requestId":"8a934999-9216-4416-8785-40327540ad22","method":"GET","route":"/api/csrf-token","status":200,"durationMs":5,"orgId":null,"userId":1,"errorCode":null}}
{"timestamp":"2026-07-29T10:48:43.488Z","level":"info","message":"HTTP request completed","meta":{"requestId":"c9882222-bef2-4c60-8644-2651cf0f70ea","method":"POST","route":"/api/purchase-requisitions/1249/convert","status":201,"durationMs":36,"orgId":null,"userId":1,"errorCode":null}}
{"timestamp":"2026-07-29T10:48:43.496Z","level":"info","message":"HTTP request completed","meta":{"requestId":"eb00072c-bc59-41c9-9821-82f5ea2c95fc","method":"GET","route":"/api/csrf-token","status":200,"durationMs":7,"orgId":null,"userId":1,"errorCode":null}}
{"timestamp":"2026-07-29T10:48:43.528Z","level":"info","message":"HTTP request completed","meta":{"requestId":"7c6ea28c-94e7-4a5d-b7a4-4c4ced04c333","method":"POST","route":"/api/purchase-requisitions","status":201,"durationMs":30,"orgId":null,"userId":1,"errorCode":null}}
{"timestamp":"2026-07-29T10:48:43.536Z","level":"info","message":"HTTP request completed","meta":{"requestId":"c2bed0c8-686a-4037-8371-681666fbcfc5","method":"GET","route":"/api/csrf-token","status":200,"durationMs":7,"orgId":null,"userId":1,"errorCode":null}}
{"timestamp":"2026-07-29T10:48:43.555Z","level":"info","message":"HTTP request completed","meta":{"requestId":"32d01387-c38e-43c4-8e73-7343081cde2c","method":"POST","route":"/api/purchase-requisitions/1250/approve","status":200,"durationMs":18,"orgId":null,"userId":1,"errorCode":null}}
{"timestamp":"2026-07-29T10:48:43.563Z","level":"info","message":"HTTP request completed","meta":{"requestId":"1be1d100-f553-4d3d-8250-eaf62a73cc8a","method":"GET","route":"/api/csrf-token","status":200,"durationMs":7,"orgId":null,"userId":1,"errorCode":null}}
{"timestamp":"2026-07-29T10:48:43.598Z","level":"info","message":"HTTP request completed","meta":{"requestId":"275e7926-6d1c-4547-b4b6-b78dc98ce4bc","method":"POST","route":"/api/purchase-requisitions/1250/convert","status":201,"durationMs":34,"orgId":null,"userId":1,"errorCode":null}}
{"timestamp":"2026-07-29T10:48:43.605Z","level":"info","message":"HTTP request completed","meta":{"requestId":"7b24879c-8b48-4f85-8e81-b5d561546a3e","method":"GET","route":"/api/csrf-token","status":200,"durationMs":5,"orgId":null,"userId":1,"errorCode":null}}
{"timestamp":"2026-07-29T10:48:43.638Z","level":"info","message":"HTTP request completed","meta":{"requestId":"c3cfeb58-4c70-491c-80f8-f1f698dff030","method":"POST","route":"/api/purchase-requisitions","status":201,"durationMs":31,"orgId":null,"userId":1,"errorCode":null}}
{"timestamp":"2026-07-29T10:48:43.646Z","level":"info","message":"HTTP request completed","meta":{"requestId":"dae9559e-d6e5-4d64-b2af-50a318c4555c","method":"GET","route":"/api/csrf-token","status":200,"durationMs":7,"orgId":null,"userId":1,"errorCode":null}}
{"timestamp":"2026-07-29T10:48:43.662Z","level":"info","message":"HTTP request completed","meta":{"requestId":"bd657ca8-c3a8-49e6-a174-9a1e3d17aea5","method":"POST","route":"/api/purchase-requisitions/1251/approve","status":200,"durationMs":15,"orgId":null,"userId":1,"errorCode":null}}
{"timestamp":"2026-07-29T10:48:43.669Z","level":"info","message":"HTTP request completed","meta":{"requestId":"124419a6-3c8f-4d2d-9ed5-f86f41862e71","method":"GET","route":"/api/csrf-token","status":200,"durationMs":6,"orgId":null,"userId":1,"errorCode":null}}
{"timestamp":"2026-07-29T10:48:43.699Z","level":"info","message":"HTTP request completed","meta":{"requestId":"543fb983-c95a-49ff-b5e3-12cccd6c6798","method":"POST","route":"/api/purchase-requisitions/1251/convert","status":201,"durationMs":29,"orgId":null,"userId":1,"errorCode":null}}
{"timestamp":"2026-07-29T10:48:43.705Z","level":"info","message":"HTTP request completed","meta":{"requestId":"e2a3ff8f-72d7-4221-a23a-39b1554c4bf3","method":"GET","route":"/api/csrf-token","status":200,"durationMs":5,"orgId":null,"userId":1,"errorCode":null}}
{"timestamp":"2026-07-29T10:48:43.731Z","level":"info","message":"HTTP request completed","meta":{"requestId":"4d1912c5-4b4e-4495-9ca1-08e01b946885","method":"POST","route":"/api/purchase-requisitions","status":201,"durationMs":25,"orgId":null,"userId":1,"errorCode":null}}
{"timestamp":"2026-07-29T10:48:43.739Z","level":"info","message":"HTTP request completed","meta":{"requestId":"dc072f28-0dfe-452b-b02f-a41ce0392d37","method":"GET","route":"/api/csrf-token","status":200,"durationMs":6,"orgId":null,"userId":1,"errorCode":null}}
{"timestamp":"2026-07-29T10:48:43.756Z","level":"info","message":"HTTP request completed","meta":{"requestId":"5bcac9c3-f6b9-41c8-82a0-02ae6a511d1d","method":"POST","route":"/api/purchase-requisitions/1252/approve","status":200,"durationMs":16,"orgId":null,"userId":1,"errorCode":null}}
{"timestamp":"2026-07-29T10:48:43.764Z","level":"info","message":"HTTP request completed","meta":{"requestId":"9ff83db4-5452-484d-ab11-5eb37d1405ee","method":"GET","route":"/api/csrf-token","status":200,"durationMs":7,"orgId":null,"userId":1,"errorCode":null}}
{"timestamp":"2026-07-29T10:48:43.800Z","level":"info","message":"HTTP request completed","meta":{"requestId":"9905e1ba-2aae-46dc-b694-5d6ff799c74c","method":"POST","route":"/api/purchase-requisitions/1252/convert","status":201,"durationMs":35,"orgId":null,"userId":1,"errorCode":null}}
{"timestamp":"2026-07-29T10:48:43.807Z","level":"info","message":"HTTP request completed","meta":{"requestId":"8a1fd8f0-5588-4ef9-b323-badde86ce323","method":"GET","route":"/api/csrf-token","status":200,"durationMs":5,"orgId":null,"userId":1,"errorCode":null}}
{"timestamp":"2026-07-29T10:48:43.839Z","level":"info","message":"HTTP request completed","meta":{"requestId":"4091acf5-330d-4d84-8844-6d20eba2b59e","method":"POST","route":"/api/purchase-requisitions","status":201,"durationMs":31,"orgId":null,"userId":1,"errorCode":null}}
{"timestamp":"2026-07-29T10:48:43.845Z","level":"info","message":"HTTP request completed","meta":{"requestId":"83f6585d-2b45-454b-9d49-8cb0b5418700","method":"GET","route":"/api/csrf-token","status":200,"durationMs":5,"orgId":null,"userId":1,"errorCode":null}}
{"timestamp":"2026-07-29T10:48:43.862Z","level":"info","message":"HTTP request completed","meta":{"requestId":"82efb805-8545-4992-a624-50a4f30ad180","method":"POST","route":"/api/purchase-requisitions/1253/approve","status":200,"durationMs":16,"orgId":null,"userId":1,"errorCode":null}}
{"timestamp":"2026-07-29T10:48:43.870Z","level":"info","message":"HTTP request completed","meta":{"requestId":"8b32f6f5-6d72-4bae-87a0-c4288fceedaa","method":"GET","route":"/api/csrf-token","status":200,"durationMs":7,"orgId":null,"userId":1,"errorCode":null}}
{"timestamp":"2026-07-29T10:48:43.900Z","level":"info","message":"HTTP request completed","meta":{"requestId":"ed6150f9-e4c6-44d5-b9d1-7c5d4590568a","method":"POST","route":"/api/purchase-requisitions/1253/convert","status":201,"durationMs":29,"orgId":null,"userId":1,"errorCode":null}}
{"timestamp":"2026-07-29T10:48:43.907Z","level":"info","message":"HTTP request completed","meta":{"requestId":"68063716-9d03-4854-b91d-065306f500d5","method":"GET","route":"/api/csrf-token","status":200,"durationMs":6,"orgId":null,"userId":1,"errorCode":null}}
{"timestamp":"2026-07-29T10:48:43.936Z","level":"info","message":"HTTP request completed","meta":{"requestId":"a9724457-1563-486b-b344-524c74e6370f","method":"POST","route":"/api/purchase-requisitions","status":201,"durationMs":28,"orgId":null,"userId":1,"errorCode":null}}
{"timestamp":"2026-07-29T10:48:43.943Z","level":"info","message":"HTTP request completed","meta":{"requestId":"e62dbab9-8b49-4ef7-8029-a77a04080b5f","method":"GET","route":"/api/csrf-token","status":200,"durationMs":6,"orgId":null,"userId":1,"errorCode":null}}
{"timestamp":"2026-07-29T10:48:43.962Z","level":"info","message":"HTTP request completed","meta":{"requestId":"65ce0f6a-1b58-4694-87c8-8dc227b799f7","method":"POST","route":"/api/purchase-requisitions/1254/approve","status":200,"durationMs":17,"orgId":null,"userId":1,"errorCode":null}}
{"timestamp":"2026-07-29T10:48:43.969Z","level":"info","message":"HTTP request completed","meta":{"requestId":"6dd6f1ac-283b-494d-842c-29d2acb9ce98","method":"GET","route":"/api/csrf-token","status":200,"durationMs":6,"orgId":null,"userId":1,"errorCode":null}}
{"timestamp":"2026-07-29T10:48:44.005Z","level":"info","message":"HTTP request completed","meta":{"requestId":"acdc58d7-1d8e-4bf5-9c84-3ae9c4822f44","method":"POST","route":"/api/purchase-requisitions/1254/convert","status":201,"durationMs":34,"orgId":null,"userId":1,"errorCode":null}}
{"timestamp":"2026-07-29T10:48:44.013Z","level":"info","message":"HTTP request completed","meta":{"requestId":"f6488e1f-fea1-48b5-8ebf-1daa8c7f7ef7","method":"GET","route":"/api/csrf-token","status":200,"durationMs":6,"orgId":null,"userId":1,"errorCode":null}}
{"timestamp":"2026-07-29T10:48:44.047Z","level":"info","message":"HTTP request completed","meta":{"requestId":"3b02aaff-54f0-4517-9ad1-e2b398a87153","method":"POST","route":"/api/purchase-requisitions","status":201,"durationMs":31,"orgId":null,"userId":1,"errorCode":null}}
{"timestamp":"2026-07-29T10:48:44.054Z","level":"info","message":"HTTP request completed","meta":{"requestId":"925803dd-852b-42a0-a145-82bdfa5d0902","method":"GET","route":"/api/csrf-token","status":200,"durationMs":6,"orgId":null,"userId":1,"errorCode":null}}
{"timestamp":"2026-07-29T10:48:44.071Z","level":"info","message":"HTTP request completed","meta":{"requestId":"49a63828-47de-4e8d-bf05-fae215b51e67","method":"POST","route":"/api/purchase-requisitions/1255/approve","status":200,"durationMs":15,"orgId":null,"userId":1,"errorCode":null}}
{"timestamp":"2026-07-29T10:48:44.078Z","level":"info","message":"HTTP request completed","meta":{"requestId":"63b2bc2c-2154-4346-a384-984966e0ad67","method":"GET","route":"/api/csrf-token","status":200,"durationMs":6,"orgId":null,"userId":1,"errorCode":null}}
{"timestamp":"2026-07-29T10:48:44.112Z","level":"info","message":"HTTP request completed","meta":{"requestId":"a7aa7010-3a9b-4bb3-8ec1-c1886fb0415a","method":"POST","route":"/api/purchase-requisitions/1255/convert","status":201,"durationMs":32,"orgId":null,"userId":1,"errorCode":null}}
{"timestamp":"2026-07-29T10:48:44.119Z","level":"info","message":"HTTP request completed","meta":{"requestId":"fd3d991e-eb2e-4d53-bef1-f49d7a65632e","method":"GET","route":"/api/csrf-token","status":200,"durationMs":6,"orgId":null,"userId":1,"errorCode":null}}
{"timestamp":"2026-07-29T10:48:44.153Z","level":"info","message":"HTTP request completed","meta":{"requestId":"115eb625-f1e6-4e40-ab5e-f8de457b6818","method":"POST","route":"/api/purchase-requisitions","status":201,"durationMs":32,"orgId":null,"userId":1,"errorCode":null}}
{"timestamp":"2026-07-29T10:48:44.160Z","level":"info","message":"HTTP request completed","meta":{"requestId":"7aa58233-6da5-47a2-aa5b-4d5a9c0db1a3","method":"GET","route":"/api/csrf-token","status":200,"durationMs":6,"orgId":null,"userId":1,"errorCode":null}}
{"timestamp":"2026-07-29T10:48:44.177Z","level":"info","message":"HTTP request completed","meta":{"requestId":"e71aa6a8-b60b-453a-853c-632b91b606b2","method":"POST","route":"/api/purchase-requisitions/1256/approve","status":200,"durationMs":15,"orgId":null,"userId":1,"errorCode":null}}
{"timestamp":"2026-07-29T10:48:44.184Z","level":"info","message":"HTTP request completed","meta":{"requestId":"b153ba2f-385c-44aa-959f-a0ef365a39d3","method":"GET","route":"/api/csrf-token","status":200,"durationMs":6,"orgId":null,"userId":1,"errorCode":null}}
{"timestamp":"2026-07-29T10:48:44.224Z","level":"info","message":"HTTP request completed","meta":{"requestId":"641429a1-42c6-4d68-81b8-b0b530c66d66","method":"POST","route":"/api/purchase-requisitions/1256/convert","status":201,"durationMs":39,"orgId":null,"userId":1,"errorCode":null}}
{"timestamp":"2026-07-29T10:48:44.231Z","level":"info","message":"HTTP request completed","meta":{"requestId":"5b91a7b2-6230-49d2-bce1-efa7a4031f11","method":"GET","route":"/api/csrf-token","status":200,"durationMs":5,"orgId":null,"userId":1,"errorCode":null}}
{"timestamp":"2026-07-29T10:48:44.263Z","level":"info","message":"HTTP request completed","meta":{"requestId":"57f748f5-887f-429d-80b3-8cac83a7a1ae","method":"POST","route":"/api/purchase-requisitions","status":201,"durationMs":31,"orgId":null,"userId":1,"errorCode":null}}
{"timestamp":"2026-07-29T10:48:44.271Z","level":"info","message":"HTTP request completed","meta":{"requestId":"f1c7a125-46e2-4b6c-ba50-ca1fbd39356a","method":"GET","route":"/api/csrf-token","status":200,"durationMs":7,"orgId":null,"userId":1,"errorCode":null}}
{"timestamp":"2026-07-29T10:48:44.288Z","level":"info","message":"HTTP request completed","meta":{"requestId":"6875c46d-c4a7-45f9-b176-554438f7acd5","method":"POST","route":"/api/purchase-requisitions/1257/approve","status":200,"durationMs":16,"orgId":null,"userId":1,"errorCode":null}}
{"timestamp":"2026-07-29T10:48:44.296Z","level":"info","message":"HTTP request completed","meta":{"requestId":"902a9303-a809-42c8-8390-8ba5de2f66ce","method":"GET","route":"/api/csrf-token","status":200,"durationMs":7,"orgId":null,"userId":1,"errorCode":null}}
{"timestamp":"2026-07-29T10:48:44.328Z","level":"info","message":"HTTP request completed","meta":{"requestId":"1ed1c823-186a-4d6f-9f0e-ea670e1bfbbe","method":"POST","route":"/api/purchase-requisitions/1257/convert","status":201,"durationMs":31,"orgId":null,"userId":1,"errorCode":null}}
{"timestamp":"2026-07-29T10:48:44.335Z","level":"info","message":"HTTP request completed","meta":{"requestId":"8907420b-bc76-442c-b32a-5ca811caf7ba","method":"GET","route":"/api/csrf-token","status":200,"durationMs":6,"orgId":null,"userId":1,"errorCode":null}}
{"timestamp":"2026-07-29T10:48:44.364Z","level":"info","message":"HTTP request completed","meta":{"requestId":"290a2184-f528-4193-a702-f56666f2d1cf","method":"POST","route":"/api/purchase-requisitions","status":201,"durationMs":28,"orgId":null,"userId":1,"errorCode":null}}
{"timestamp":"2026-07-29T10:48:44.370Z","level":"info","message":"HTTP request completed","meta":{"requestId":"3638a657-6a98-46d8-bb5f-d0bc98c87abf","method":"GET","route":"/api/csrf-token","status":200,"durationMs":5,"orgId":null,"userId":1,"errorCode":null}}
{"timestamp":"2026-07-29T10:48:44.387Z","level":"info","message":"HTTP request completed","meta":{"requestId":"58f2dcc3-6915-4f0d-adbb-c49afb15a30a","method":"POST","route":"/api/purchase-requisitions/1258/approve","status":200,"durationMs":16,"orgId":null,"userId":1,"errorCode":null}}
{"timestamp":"2026-07-29T10:48:44.394Z","level":"info","message":"HTTP request completed","meta":{"requestId":"e5f1d899-4bad-4691-a289-1b46c1611cba","method":"GET","route":"/api/csrf-token","status":200,"durationMs":6,"orgId":null,"userId":1,"errorCode":null}}
{"timestamp":"2026-07-29T10:48:44.429Z","level":"info","message":"HTTP request completed","meta":{"requestId":"70d5fa56-4763-4283-9466-b376cbf23545","method":"POST","route":"/api/purchase-requisitions/1258/convert","status":201,"durationMs":34,"orgId":null,"userId":1,"errorCode":null}}
{"timestamp":"2026-07-29T10:48:45.957Z","level":"info","message":"HTTP request completed","meta":{"requestId":"4ec69453-1268-4ad4-882c-fbb6eef210f5","method":"GET","route":"/api/ready","status":200,"durationMs":3,"orgId":null,"userId":null,"errorCode":null}}
{"timestamp":"2026-07-29T10:48:45.967Z","level":"info","message":"HTTP request completed","meta":{"requestId":"d416eeab-a2e1-42bc-a398-3c476b3f3083","method":"GET","route":"/api/user","status":401,"durationMs":1,"orgId":null,"userId":null,"errorCode":null}}
{"timestamp":"2026-07-29T10:48:46.297Z","level":"info","message":"HTTP request completed","meta":{"requestId":"45527d69-ddf6-490a-87fc-307a6ed100e4","method":"GET","route":"/api/csrf-token","status":200,"durationMs":6,"orgId":null,"userId":null,"errorCode":null}}
{"timestamp":"2026-07-29T10:48:46.414Z","level":"info","message":"HTTP request completed","meta":{"requestId":"0cc79779-ffd5-45cd-991c-0c8b0ec6cba3","method":"POST","route":"/api/login","status":200,"durationMs":102,"orgId":null,"userId":1,"errorCode":null}}
{"timestamp":"2026-07-29T10:48:46.431Z","level":"info","message":"HTTP request completed","meta":{"requestId":"f96cb9b2-471c-4d04-858a-1032174cae72","method":"GET","route":"/api/ready","status":200,"durationMs":11,"orgId":null,"userId":1,"errorCode":null}}
{"timestamp":"2026-07-29T10:48:46.523Z","level":"info","message":"HTTP request completed","meta":{"requestId":"d37a12c2-5a9a-4291-8e92-da297a376333","method":"GET","route":"/api/release-scope","status":200,"durationMs":20,"orgId":null,"userId":1,"errorCode":null}}
{"timestamp":"2026-07-29T10:48:46.573Z","level":"info","message":"HTTP request completed","meta":{"requestId":"2e600191-0421-4106-a344-2953a1475096","method":"GET","route":"/api/notifications","status":200,"durationMs":65,"orgId":null,"userId":1,"errorCode":null}}
{"timestamp":"2026-07-29T10:48:46.583Z","level":"info","message":"HTTP request completed","meta":{"requestId":"351561cf-ba3b-4d4d-b281-5c4791eae2b6","method":"GET","route":"/api/suppliers","status":200,"durationMs":74,"orgId":null,"userId":1,"errorCode":null}}
{"timestamp":"2026-07-29T10:48:46.606Z","level":"info","message":"HTTP request completed","meta":{"requestId":"17c73e94-c9a7-4960-aed3-796ef6ce659c","method":"GET","route":"/api/inventory","status":200,"durationMs":96,"orgId":null,"userId":1,"errorCode":null}}
[SETUP_STATUS] summary requestId=71450e5b-4abe-4318-a73d-ce85542ccf0c userId=1 orgId=1 health=ok firstCode=OK criticalCount=0 warningCount=0
{"timestamp":"2026-07-29T10:48:46.618Z","level":"info","message":"HTTP request completed","meta":{"requestId":"71450e5b-4abe-4318-a73d-ce85542ccf0c","method":"GET","route":"/api/setup/status","status":200,"durationMs":115,"orgId":null,"userId":1,"errorCode":null}}
{"timestamp":"2026-07-29T10:48:47.452Z","level":"info","message":"HTTP request completed","meta":{"requestId":"66891984-08a8-415d-b203-51105e9e7fd1","method":"GET","route":"/api/ready","status":200,"durationMs":9,"orgId":null,"userId":1,"errorCode":null}}
{"timestamp":"2026-07-29T10:48:47.470Z","level":"info","message":"HTTP request completed","meta":{"requestId":"f97ee8b0-ed18-4216-aa1e-40993f5d5e87","method":"GET","route":"/api/release-scope","status":200,"durationMs":15,"orgId":null,"userId":1,"errorCode":null}}
{"timestamp":"2026-07-29T10:48:47.479Z","level":"info","message":"HTTP request completed","meta":{"requestId":"81833886-1495-4144-b856-20dcb7e095ce","method":"GET","route":"/api/user","status":200,"durationMs":20,"orgId":null,"userId":1,"errorCode":null}}
{"timestamp":"2026-07-29T10:48:47.541Z","level":"info","message":"HTTP request completed","meta":{"requestId":"1228d43e-c80d-4976-8404-54fc32d9994b","method":"GET","route":"/api/suppliers","status":200,"durationMs":85,"orgId":null,"userId":1,"errorCode":null}}
{"timestamp":"2026-07-29T10:48:47.541Z","level":"info","message":"HTTP request completed","meta":{"requestId":"63d40581-1f0a-4a7d-8d21-24dad80be5ad","method":"GET","route":"/api/inventory","status":200,"durationMs":83,"orgId":null,"userId":1,"errorCode":null}}
{"timestamp":"2026-07-29T10:48:47.702Z","level":"info","message":"HTTP request completed","meta":{"requestId":"8e31b732-ec97-4f6e-8ea7-ac45124b2fbe","method":"GET","route":"/api/notifications","status":200,"durationMs":13,"orgId":null,"userId":1,"errorCode":null}}
[SETUP_STATUS] summary requestId=775cf662-ad3f-4e7b-844e-764d9d299cd1 userId=1 orgId=1 health=ok firstCode=OK criticalCount=0 warningCount=0
{"timestamp":"2026-07-29T10:48:47.737Z","level":"info","message":"HTTP request completed","meta":{"requestId":"775cf662-ad3f-4e7b-844e-764d9d299cd1","method":"GET","route":"/api/setup/status","status":200,"durationMs":49,"orgId":null,"userId":1,"errorCode":null}}
{"timestamp":"2026-07-29T10:48:48.188Z","level":"info","message":"HTTP request completed","meta":{"requestId":"d345f5fc-a2f5-4e8a-b78d-835c4121c4ac","method":"GET","route":"/api/csrf-token","status":200,"durationMs":10,"orgId":null,"userId":1,"errorCode":null}}
{"timestamp":"2026-07-29T10:48:48.257Z","level":"info","message":"HTTP request completed","meta":{"requestId":"adfd8594-32f2-407d-806b-7074077570af","method":"GET","route":"/api/settings","status":200,"durationMs":20,"orgId":null,"userId":1,"errorCode":null}}
{"timestamp":"2026-07-29T10:48:48.351Z","level":"info","message":"HTTP request completed","meta":{"requestId":"042c1813-a7e0-4da4-acc6-5e9264e47e62","method":"GET","route":"/api/categories","status":200,"durationMs":101,"orgId":null,"userId":1,"errorCode":null}}
{"timestamp":"2026-07-29T10:48:48.379Z","level":"info","message":"HTTP request completed","meta":{"requestId":"889166c0-1ad5-4834-8c7b-d8402f5344a3","method":"GET","route":"/api/inventory","status":200,"durationMs":141,"orgId":null,"userId":1,"errorCode":null}}
{"timestamp":"2026-07-29T10:48:48.390Z","level":"info","message":"HTTP request completed","meta":{"requestId":"6c825cf7-7790-4b3e-8ea5-cc85b69eb199","method":"GET","route":"/api/suppliers","status":200,"durationMs":125,"orgId":null,"userId":1,"errorCode":null}}
{"timestamp":"2026-07-29T10:48:48.445Z","level":"info","message":"HTTP request completed","meta":{"requestId":"dab5d2d5-30d5-47f7-af22-934dcb21fd65","method":"GET","route":"/api/inventory/low-stock","status":200,"durationMs":198,"orgId":null,"userId":1,"errorCode":null}}
{"timestamp":"2026-07-29T10:48:48.446Z","level":"info","message":"HTTP request completed","meta":{"requestId":"a5771a1d-f251-4a26-91d6-ce60672871fa","method":"GET","route":"/api/warehouses","status":200,"durationMs":194,"orgId":null,"userId":1,"errorCode":null}}
{"timestamp":"2026-07-29T10:48:48.447Z","level":"info","message":"HTTP request completed","meta":{"requestId":"b5c01cda-1e85-4b80-8ab2-8a2aae307ee7","method":"GET","route":"/api/inventory/stats","status":200,"durationMs":196,"orgId":null,"userId":1,"errorCode":null}}
{"timestamp":"2026-07-29T10:48:48.609Z","level":"info","message":"HTTP request completed","meta":{"requestId":"9828b041-b0f8-475a-b30c-089702113e2d","method":"GET","route":"/api/procurement/purchase-orders/records","status":200,"durationMs":218,"orgId":null,"userId":1,"errorCode":null}}
{"timestamp":"2026-07-29T10:48:48.612Z","level":"info","message":"HTTP request completed","meta":{"requestId":"decac2e2-b6ff-45cf-a7a7-459b7ac703e0","method":"GET","route":"/api/purchase-requisitions","status":200,"durationMs":170,"orgId":null,"userId":1,"errorCode":null}}
{"timestamp":"2026-07-29T10:48:48.613Z","level":"info","message":"HTTP request completed","meta":{"requestId":"1c3c8ef4-1880-402e-91e1-a18135b0e8ff","method":"GET","route":"/api/reorder-requests","status":200,"durationMs":170,"orgId":null,"userId":1,"errorCode":null}}
{"timestamp":"2026-07-29T10:48:48.623Z","level":"info","message":"HTTP request completed","meta":{"requestId":"7fd2cebb-1e51-4539-9987-6c84a5372d45","method":"POST","route":"/api/reports/preview","status":200,"durationMs":171,"orgId":null,"userId":1,"errorCode":null}}
{"timestamp":"2026-07-29T10:48:48.624Z","level":"info","message":"HTTP request completed","meta":{"requestId":"9af37e4f-ae92-44e3-b19f-3e1a4cabdc2b","method":"GET","route":"/api/extensions/projects","status":200,"durationMs":172,"orgId":null,"userId":1,"errorCode":null}}
{"timestamp":"2026-07-29T10:49:45.802Z","level":"info","message":"HTTP request completed","meta":{"requestId":"9732efa7-f3ea-4121-ad13-34d1edce65c6","method":"GET","route":"/api/ready","status":200,"durationMs":3,"orgId":null,"userId":null,"errorCode":null}}
{"timestamp":"2026-07-29T10:49:45.821Z","level":"info","message":"HTTP request completed","meta":{"requestId":"bb4b34bb-f6c4-49f7-9154-5a505d909e45","method":"GET","route":"/api/csrf-token","status":200,"durationMs":4,"orgId":null,"userId":null,"errorCode":null}}
{"timestamp":"2026-07-29T10:49:45.912Z","level":"info","message":"HTTP request completed","meta":{"requestId":"997dfef7-9409-43e0-b029-9938b898b708","method":"POST","route":"/api/auth/login","status":200,"durationMs":81,"orgId":null,"userId":1,"errorCode":null}}
{"timestamp":"2026-07-29T10:49:45.921Z","level":"info","message":"HTTP request completed","meta":{"requestId":"7edd432a-fc1e-466a-82fb-0b387a5b9d73","method":"GET","route":"/api/csrf-token","status":200,"durationMs":7,"orgId":null,"userId":1,"errorCode":null}}
{"timestamp":"2026-07-29T10:49:45.948Z","level":"info","message":"HTTP request completed","meta":{"requestId":"bd327a34-0824-457b-98dc-bd4a881ecfcd","method":"POST","route":"/api/reports/preview","status":200,"durationMs":25,"orgId":null,"userId":1,"errorCode":null}}
[2m12:50:13[22m [36m[1m[vite][22m[39m [90m[2m(client)[22m[39m [32mhmr update [39m[2m/src/index.css, /src/pages/system-diagnostics-page.tsx[22m
[2m12:50:14[22m [36m[1m[vite][22m[39m [90m[2m(client)[22m[39m [32mhmr update [39m[2m/src/index.css, /src/pages/system-diagnostics-page.tsx[22m
{"timestamp":"2026-07-29T10:50:43.279Z","level":"info","message":"HTTP request completed","meta":{"requestId":"177c510a-efb2-40b1-b97f-3b5ee49e385c","method":"GET","route":"/api/ready","status":200,"durationMs":3,"orgId":null,"userId":null,"errorCode":null}}
{"timestamp":"2026-07-29T10:50:43.323Z","level":"info","message":"HTTP request completed","meta":{"requestId":"a0d7310e-9432-4316-a0a4-c4293102fd2c","method":"GET","route":"/api/csrf-token","status":200,"durationMs":31,"orgId":null,"userId":null,"errorCode":null}}
{"timestamp":"2026-07-29T10:50:43.407Z","level":"info","message":"HTTP request completed","meta":{"requestId":"6a441602-5794-4d82-973d-1ef01d469901","method":"POST","route":"/api/auth/login","status":200,"durationMs":75,"orgId":null,"userId":1,"errorCode":null}}
{"timestamp":"2026-07-29T10:50:43.415Z","level":"info","message":"HTTP request completed","meta":{"requestId":"e9f42b4f-6d74-4dc6-bd7e-d7ffdedade5a","method":"GET","route":"/api/csrf-token","status":200,"durationMs":6,"orgId":null,"userId":1,"errorCode":null}}
{"timestamp":"2026-07-29T10:50:43.437Z","level":"info","message":"HTTP request completed","meta":{"requestId":"f9d32a40-112f-4ce7-9dda-e11f947ed657","method":"POST","route":"/api/reports/preview","status":200,"durationMs":20,"orgId":null,"userId":1,"errorCode":null}}
Cleanup complete. Active clients: 0
Cleanup complete. Active clients: 0
[2m12:57:31[22m [36m[1m[vite][22m[39m [90m[2m(client)[22m[39m [32mhmr update [39m[2m/src/index.css, /src/pages/reports/procurement-line-report-preview.tsx[22m
Cleanup complete. Active clients: 0
Running scheduled low stock check...
Found 117 items with low stock
Cleanup complete. Active clients: 0
Cleanup complete. Active clients: 0
Cleanup complete. Active clients: 0
Cleanup complete. Active clients: 0
Cleanup complete. Active clients: 0
Cleanup complete. Active clients: 0
Running scheduled low stock check...
Found 117 items with low stock
Cleanup complete. Active clients: 0
Cleanup complete. Active clients: 0
Cleanup complete. Active clients: 0
Cleanup complete. Active clients: 0
Cleanup complete. Active clients: 0
Cleanup complete. Active clients: 0
Running scheduled low stock check...
Found 117 items with low stock
Cleanup complete. Active clients: 0
Cleanup complete. Active clients: 0
Cleanup complete. Active clients: 0
Cleanup complete. Active clients: 0
Cleanup complete. Active clients: 0
[2m14:31:09[22m [36m[1m[vite][22m[39m [90m[2m(client)[22m[39m [32mhmr update [39m[2m/src/pages/auth-page.tsx[22m
[2m14:31:11[22m [36m[1m[vite][22m[39m [90m[2m(client)[22m[39m [32mhmr update [39m[2m/src/pages/auth-page.tsx[22m
Cleanup complete. Active clients: 0
[2m14:31:36[22m [36m[1m[vite][22m[39m [90m[2m(client)[22m[39m [32mhmr update [39m[2m/src/index.css, /src/pages/reports/procurement-line-report-preview.tsx[22m
[2m14:31:37[22m [36m[1m[vite][22m[39m [90m[2m(client)[22m[39m [32mhmr update [39m[2m/src/index.css, /src/pages/reports/procurement-line-report-preview.tsx[22m
[2m14:31:50[22m [36m[1m[vite][22m[39m [90m[2m(client)[22m[39m [32mhmr update [39m[2m/src/index.css, /src/pages/reports.tsx[22m
[2m14:31:51[22m [36m[1m[vite][22m[39m [90m[2m(client)[22m[39m [32mhmr update [39m[2m/src/index.css, /src/pages/reports.tsx[22m
[2m14:32:15[22m [36m[1m[vite][22m[39m [90m[2m(client)[22m[39m [32mhmr update [39m[2m/src/index.css, /src/components/reports/report-filters.tsx[22m
[2m14:32:16[22m [36m[1m[vite][22m[39m [90m[2m(client)[22m[39m [32mhmr update [39m[2m/src/index.css, /src/components/reports/report-filters.tsx[22m
Running scheduled low stock check...
Found 117 items with low stock
Cleanup complete. Active clients: 0
Cleanup complete. Active clients: 0
Cleanup complete. Active clients: 0
Cleanup complete. Active clients: 0
Cleanup complete. Active clients: 0
Cleanup complete. Active clients: 0
Running scheduled low stock check...
Found 117 items with low stock
Cleanup complete. Active clients: 0
Cleanup complete. Active clients: 0
Cleanup complete. Active clients: 0
Cleanup complete. Active clients: 0
Cleanup complete. Active clients: 0
Cleanup complete. Active clients: 0
Running scheduled low stock check...
Found 117 items with low stock
Cleanup complete. Active clients: 0
Cleanup complete. Active clients: 0
Cleanup complete. Active clients: 0
Cleanup complete. Active clients: 0
Cleanup complete. Active clients: 0
Cleanup complete. Active clients: 0
Running scheduled low stock check...
Found 117 items with low stock
Cleanup complete. Active clients: 0
Cleanup complete. Active clients: 0
Cleanup complete. Active clients: 0
Cleanup complete. Active clients: 0
Cleanup complete. Active clients: 0
[2m16:30:32[22m [36m[1m[vite][22m[39m [90m[2m(client)[22m[39m [32mhmr update [39m[2m/src/index.css[22m
[2m16:30:37[22m [36m[1m[vite][22m[39m [90m[2m(client)[22m[39m [32mhmr update [39m[2m/src/index.css[22m
[2m16:30:40[22m [36m[1m[vite][22m[39m [90m[2m(client)[22m[39m [32mhmr update [39m[2m/src/index.css[22m
[2m16:30:41[22m [36m[1m[vite][22m[39m [90m[2m(client)[22m[39m [32mhmr update [39m[2m/src/index.css[22m
Cleanup complete. Active clients: 0
Running scheduled low stock check...
Found 117 items with low stock
Cleanup complete. Active clients: 0
Cleanup complete. Active clients: 0
Cleanup complete. Active clients: 0
Cleanup complete. Active clients: 0
Cleanup complete. Active clients: 0
Cleanup complete. Active clients: 0
Running scheduled low stock check...
Found 117 items with low stock
Cleanup complete. Active clients: 0
Cleanup complete. Active clients: 0
Cleanup complete. Active clients: 0
Cleanup complete. Active clients: 0
Cleanup complete. Active clients: 0
Cleanup complete. Active clients: 0
Running scheduled low stock check...
Found 117 items with low stock
Cleanup complete. Active clients: 0
Cleanup complete. Active clients: 0
Cleanup complete. Active clients: 0
Cleanup complete. Active clients: 0
Cleanup complete. Active clients: 0
Cleanup complete. Active clients: 0
Running scheduled low stock check...
Found 117 items with low stock
Cleanup complete. Active clients: 0
Cleanup complete. Active clients: 0
Cleanup complete. Active clients: 0
Cleanup complete. Active clients: 0
Cleanup complete. Active clients: 0
[2m18:31:13[22m [36m[1m[vite][22m[39m [90m[2m(client)[22m[39m [32mhmr update [39m[2m/src/index.css[22m
[2m18:31:18[22m [36m[1m[vite][22m[39m [90m[2m(client)[22m[39m [32mhmr update [39m[2m/src/index.css[22m
Cleanup complete. Active clients: 0
